[24-Jul-2025 00:08:05 UTC] Log de teste Axis - 2025-07-24 00:08:05
[24-Jul-2025 00:08:05 UTC] [CJ_DEBUG] Headers enviados para Melhor Envio: Array
(
    [Authorization] => Bearer eyJ0eXAiOiJKV1QiLCJhbGciOiJSUzI1NiJ9.eyJhdWQiOiIxIiwianRpIjoiOTRiOGIxOGM4MDlhMDVlMGM1MzdmODUxZDk2MDA1ZjhkYzNkZjQxY2JjZDRjMzI2YjIzOGExZjc5MDE3YjI2M2JiNjk3NGRiNzkxNzMyODIiLCJpYXQiOjE3NTA1MjQ1ODYuNTg0MDc3LCJuYmYiOjE3NTA1MjQ1ODYuNTg0MDc4LCJleHAiOjE3ODIwNjA1ODYuNTczNjY0LCJzdWIiOiI5ZWU5NDAyMy1mZjM0LTQ2ZWQtOTJlMy1lZjdlOTlmMTM0ODkiLCJzY29wZXMiOlsic2hpcHBpbmctY2FsY3VsYXRlIl19.aZJPsKbqItxAUFazOBfDoxqAe2VvyrzEuykIW_xCncXrvtlUALnlQWmJziqb2KKm15DNbrGPxwVsTIlEOD32MaQjKOCmUm-zKF_VawljFNoFbeZ1mGLEkiiWsVMVVkqYsMEu2Ffo6-bv1fbH-6ApSqCQvE70K2gAGT0OYa2Gvk3kYv8az96cGyg3MltjDsDjamqKY0nTXoAkoOobT5BQMqHaG4N9Y4xFlGVgNG_mFqWugNL6Im1EpwiHF_PqzOzK6lK6CZHZsdc6186xvs7Pi4GWmij4bDnbiMqZdisKavuttYpu4-KnMgI19TWei5P8mS_0LbbhSEsmfqOfqPbJklQsPtU4pc-NMsj7B-0LljdDqxPFmcDxAvvyJrbErg5UPdPutEmOknAUKZtvb2SOtccnF5eJ1fdbFzvp62JCBq8ZDxzY9lNUNYLIyJ5cu37eyz_03qVZSHkuuq_LarKZOv-TLfWO8j5-5Omk_Ma-9sqjibQkgHW8VyaxkBIB-8dTYSl-eDUKs54gAMGLTxlUjnjDf4q-ycg0NKe3fGHF4MukvhptDQsTYMB3nnTiMdRjvtfv04hgiR0S-Z28nn2LBbjsCXGJocP-248NIsPiEvOWUFi750wkmXA_xSENCIV3myuIEnyebf3wScI8NpAmHgG8INNtZrIja6qfFn7pfv0
    [Content-Type] => application/json
    [Accept] => application/json
    [User-Agent] => ClickJumbo Frete
)

[24-Jul-2025 00:08:05 UTC] [CJ_DEBUG] Token enviada: eyJ0eXAiOiJKV1QiLCJhbGciOiJSUzI1NiJ9.eyJhdWQiOiIxIiwianRpIjoiOTRiOGIxOGM4MDlhMDVlMGM1MzdmODUxZDk2MDA1ZjhkYzNkZjQxY2JjZDRjMzI2YjIzOGExZjc5MDE3YjI2M2JiNjk3NGRiNzkxNzMyODIiLCJpYXQiOjE3NTA1MjQ1ODYuNTg0MDc3LCJuYmYiOjE3NTA1MjQ1ODYuNTg0MDc4LCJleHAiOjE3ODIwNjA1ODYuNTczNjY0LCJzdWIiOiI5ZWU5NDAyMy1mZjM0LTQ2ZWQtOTJlMy1lZjdlOTlmMTM0ODkiLCJzY29wZXMiOlsic2hpcHBpbmctY2FsY3VsYXRlIl19.aZJPsKbqItxAUFazOBfDoxqAe2VvyrzEuykIW_xCncXrvtlUALnlQWmJziqb2KKm15DNbrGPxwVsTIlEOD32MaQjKOCmUm-zKF_VawljFNoFbeZ1mGLEkiiWsVMVVkqYsMEu2Ffo6-bv1fbH-6ApSqCQvE70K2gAGT0OYa2Gvk3kYv8az96cGyg3MltjDsDjamqKY0nTXoAkoOobT5BQMqHaG4N9Y4xFlGVgNG_mFqWugNL6Im1EpwiHF_PqzOzK6lK6CZHZsdc6186xvs7Pi4GWmij4bDnbiMqZdisKavuttYpu4-KnMgI19TWei5P8mS_0LbbhSEsmfqOfqPbJklQsPtU4pc-NMsj7B-0LljdDqxPFmcDxAvvyJrbErg5UPdPutEmOknAUKZtvb2SOtccnF5eJ1fdbFzvp62JCBq8ZDxzY9lNUNYLIyJ5cu37eyz_03qVZSHkuuq_LarKZOv-TLfWO8j5-5Omk_Ma-9sqjibQkgHW8VyaxkBIB-8dTYSl-eDUKs54gAMGLTxlUjnjDf4q-ycg0NKe3fGHF4MukvhptDQsTYMB3nnTiMdRjvtfv04hgiR0S-Z28nn2LBbjsCXGJocP-248NIsPiEvOWUFi750wkmXA_xSENCIV3myuIEnyebf3wScI8NpAmHgG8INNtZrIja6qfFn7pfv0
[24-Jul-2025 00:08:06 UTC] PHP Warning:  Undefined array key "price" in /home/u344231864/domains/clickjumbo.com.br/public_html/wp/wp-content/plugins/clickjumbo-core/includes/functions/orders/calculate-shipping.php on line 95
[24-Jul-2025 00:08:06 UTC] PHP Warning:  Undefined array key "delivery_time" in /home/u344231864/domains/clickjumbo.com.br/public_html/wp/wp-content/plugins/clickjumbo-core/includes/functions/orders/calculate-shipping.php on line 96
[24-Jul-2025 00:08:06 UTC] PHP Warning:  Undefined array key "price" in /home/u344231864/domains/clickjumbo.com.br/public_html/wp/wp-content/plugins/clickjumbo-core/includes/functions/orders/calculate-shipping.php on line 95
[24-Jul-2025 00:08:06 UTC] PHP Warning:  Undefined array key "delivery_time" in /home/u344231864/domains/clickjumbo.com.br/public_html/wp/wp-content/plugins/clickjumbo-core/includes/functions/orders/calculate-shipping.php on line 96
[24-Jul-2025 00:08:06 UTC] PHP Warning:  Undefined variable $response in /home/u344231864/domains/clickjumbo.com.br/public_html/wp/wp-content/plugins/clickjumbo-core/includes/validations/validate-shipping.php on line 96
[24-Jul-2025 00:11:59 UTC] Log de teste Axis - 2025-07-24 00:11:59
[24-Jul-2025 00:11:59 UTC] [CJ_DEBUG] Resposta bruta da Melhor Envio: Array
(
    [0] => Array
        (
            [id] => 1
            [name] => PAC
            [company] => Array
                (
                    [id] => 1
                    [name] => Correios
                    [picture] => https://www.melhorenvio.com.br/images/shipping-companies/correios.png
                )

            [error] => Transportadora não atende este trecho.
        )

    [1] => Array
        (
            [id] => 2
            [name] => SEDEX
            [company] => Array
                (
                    [id] => 1
                    [name] => Correios
                    [picture] => https://www.melhorenvio.com.br/images/shipping-companies/correios.png
                )

            [error] => Transportadora não atende este trecho.
        )

    [2] => Array
        (
            [id] => 3
            [name] => .Package
            [company] => Array
                (
                    [id] => 2
                    [name] => Jadlog
                    [picture] => https://www.melhorenvio.com.br/images/shipping-companies/jadlog.png
                )

            [error] => Transportadora não atende este trecho.
        )

    [3] => Array
        (
            [id] => 4
            [name] => .Com
            [company] => Array
                (
                    [id] => 2
                    [name] => Jadlog
                    [picture] => https://www.melhorenvio.com.br/images/shipping-companies/jadlog.png
                )

            [error] => Transportadora não atende este trecho.
        )

    [4] => Array
        (
            [id] => 12
            [name] => éFácil
            [company] => Array
                (
                    [id] => 6
                    [name] => LATAM Cargo
                    [picture] => https://www.melhorenvio.com.br/images/shipping-companies/latamcargo.png
                )

            [error] => Transportadora não atende este trecho.
        )

    [5] => Array
        (
            [id] => 15
            [name] => Expresso
            [company] => Array
                (
                    [id] => 9
                    [name] => Azul Cargo Express
                    [picture] => https://www.melhorenvio.com.br/images/shipping-companies/azulcargo.png
                )

            [error] => Transportadora não atende este trecho.
        )

    [6] => Array
        (
            [id] => 16
            [name] => e-commerce
            [company] => Array
                (
                    [id] => 9
                    [name] => Azul Cargo Express
                    [picture] => https://www.melhorenvio.com.br/images/shipping-companies/azulcargo.png
                )

            [error] => Transportadora não atende este trecho.
        )

    [7] => Array
        (
            [id] => 17
            [name] => Mini Envios
            [company] => Array
                (
                    [id] => 1
                    [name] => Correios
                    [picture] => https://www.melhorenvio.com.br/images/shipping-companies/correios.png
                )

            [error] => Transportadora não atende este trecho.
        )

    [8] => Array
        (
            [id] => 22
            [name] => Rodoviário
            [company] => Array
                (
                    [id] => 12
                    [name] => Buslog
                    [picture] => https://www.melhorenvio.com.br/images/shipping-companies/buslog.png
                )

            [error] => Transportadora não atende este trecho.
        )

    [9] => Array
        (
            [id] => 27
            [name] => .Package Centralizado
            [company] => Array
                (
                    [id] => 2
                    [name] => Jadlog
                    [picture] => https://www.melhorenvio.com.br/images/shipping-companies/jadlog.png
                )

            [error] => Transportadora não atende este trecho.
        )

    [10] => Array
        (
            [id] => 31
            [name] => Express
            [company] => Array
                (
                    [id] => 14
                    [name] => Loggi
                    [picture] => https://www.melhorenvio.com.br/images/shipping-companies/loggi.png
                )

            [error] => Transportadora não atende este trecho.
        )

    [11] => Array
        (
            [id] => 32
            [name] => Coleta
            [company] => Array
                (
                    [id] => 14
                    [name] => Loggi
                    [picture] => https://www.melhorenvio.com.br/images/shipping-companies/loggi.png
                )

            [error] => Transportadora não atende este trecho.
        )

    [12] => Array
        (
            [id] => 33
            [name] => Standard
            [company] => Array
                (
                    [id] => 15
                    [name] => JeT
                    [picture] => https://www.melhorenvio.com.br/images/shipping-companies/jet.png
                )

            [error] => Transportadora não atende este trecho.
        )

    [13] => Array
        (
            [id] => 34
            [name] => Loggi Ponto
            [company] => Array
                (
                    [id] => 14
                    [name] => Loggi
                    [picture] => https://www.melhorenvio.com.br/images/shipping-companies/loggi.png
                )

            [error] => Transportadora não atende este trecho.
        )

)

[24-Jul-2025 00:11:59 UTC] PHP Warning:  Undefined variable $response in /home/u344231864/domains/clickjumbo.com.br/public_html/wp/wp-content/plugins/clickjumbo-core/includes/validations/validate-shipping.php on line 96
[24-Jul-2025 00:13:07 UTC] Log de teste Axis - 2025-07-24 00:13:07
[24-Jul-2025 00:13:07 UTC] [CJ_DEBUG] Resposta bruta da Melhor Envio: Array
(
    [0] => Array
        (
            [id] => 1
            [name] => PAC
            [company] => Array
                (
                    [id] => 1
                    [name] => Correios
                    [picture] => https://www.melhorenvio.com.br/images/shipping-companies/correios.png
                )

            [error] => Transportadora não atende este trecho.
        )

    [1] => Array
        (
            [id] => 2
            [name] => SEDEX
            [price] => 22.29
            [custom_price] => 22.29
            [discount] => 0.00
            [currency] => R$
            [delivery_time] => 2
            [delivery_range] => Array
                (
                    [min] => 1
                    [max] => 2
                )

            [custom_delivery_time] => 2
            [custom_delivery_range] => Array
                (
                    [min] => 1
                    [max] => 2
                )

            [packages] => Array
                (
                    [0] => Array
                        (
                            [price] => 22.29
                            [discount] => 0.00
                            [format] => box
                            [weight] => 3.50
                            [insurance_value] => 0.00
                            [dimensions] => Array
                                (
                                    [height] => 2
                                    [width] => 11
                                    [length] => 16
                                )

                        )

                )

            [additional_services] => Array
                (
                    [receipt] => 
                    [own_hand] => 
                    [collect] => 
                )

            [additional] => Array
                (
                    [unit] => Array
                        (
                            [price] => 0
                            [delivery] => 0
                        )

                )

            [company] => Array
                (
                    [id] => 1
                    [name] => Correios
                    [picture] => https://www.melhorenvio.com.br/images/shipping-companies/correios.png
                )

        )

    [2] => Array
        (
            [id] => 3
            [name] => .Package
            [price] => 19.44
            [custom_price] => 19.44
            [discount] => 0.00
            [currency] => R$
            [delivery_time] => 7
            [delivery_range] => Array
                (
                    [min] => 6
                    [max] => 7
                )

            [custom_delivery_time] => 7
            [custom_delivery_range] => Array
                (
                    [min] => 6
                    [max] => 7
                )

            [packages] => Array
                (
                    [0] => Array
                        (
                            [format] => box
                            [weight] => 3.50
                            [insurance_value] => 0.00
                            [dimensions] => Array
                                (
                                    [height] => 2
                                    [width] => 11
                                    [length] => 16
                                )

                        )

                )

            [additional_services] => Array
                (
                    [receipt] => 
                    [own_hand] => 
                    [collect] => 
                )

            [additional] => Array
                (
                    [unit] => Array
                        (
                            [price] => 0
                            [delivery] => 0
                        )

                )

            [company] => Array
                (
                    [id] => 2
                    [name] => Jadlog
                    [picture] => https://www.melhorenvio.com.br/images/shipping-companies/jadlog.png
                )

        )

    [3] => Array
        (
            [id] => 4
            [name] => .Com
            [price] => 19.78
            [custom_price] => 19.78
            [discount] => 0.00
            [currency] => R$
            [delivery_time] => 6
            [delivery_range] => Array
                (
                    [min] => 5
                    [max] => 6
                )

            [custom_delivery_time] => 6
            [custom_delivery_range] => Array
                (
                    [min] => 5
                    [max] => 6
                )

            [packages] => Array
                (
                    [0] => Array
                        (
                            [format] => box
                            [weight] => 3.50
                            [insurance_value] => 0.00
                            [dimensions] => Array
                                (
                                    [height] => 2
                                    [width] => 11
                                    [length] => 16
                                )

                        )

                )

            [additional_services] => Array
                (
                    [receipt] => 
                    [own_hand] => 
                    [collect] => 
                )

            [additional] => Array
                (
                    [unit] => Array
                        (
                            [price] => 0
                            [delivery] => 0
                        )

                )

            [company] => Array
                (
                    [id] => 2
                    [name] => Jadlog
                    [picture] => https://www.melhorenvio.com.br/images/shipping-companies/jadlog.png
                )

        )

    [4] => Array
        (
            [id] => 12
            [name] => éFácil
            [company] => Array
                (
                    [id] => 6
                    [name] => LATAM Cargo
                    [picture] => https://www.melhorenvio.com.br/images/shipping-companies/latamcargo.png
                )

            [error] => Transportadora não atende este trecho.
        )

    [5] => Array
        (
            [id] => 15
            [name] => Expresso
            [price] => 91.62
            [custom_price] => 91.62
            [discount] => 0.00
            [currency] => R$
            [delivery_time] => 4
            [delivery_range] => Array
                (
                    [min] => 3
                    [max] => 4
                )

            [custom_delivery_time] => 4
            [custom_delivery_range] => Array
                (
                    [min] => 3
                    [max] => 4
                )

            [packages] => Array
                (
                    [0] => Array
                        (
                            [format] => box
                            [weight] => 3.50
                            [insurance_value] => 0.00
                            [dimensions] => Array
                                (
                                    [height] => 15
                                    [width] => 15
                                    [length] => 16
                                )

                        )

                )

            [additional_services] => Array
                (
                    [receipt] => 
                    [own_hand] => 
                    [collect] => 
                )

            [additional] => Array
                (
                    [unit] => Array
                        (
                            [price] => 0
                            [delivery] => 0
                        )

                )

            [company] => Array
                (
                    [id] => 9
                    [name] => Azul Cargo Express
                    [picture] => https://www.melhorenvio.com.br/images/shipping-companies/azulcargo.png
                )

        )

    [6] => Array
        (
            [id] => 16
            [name] => e-commerce
            [price] => 85.83
            [custom_price] => 85.83
            [discount] => 0.00
            [currency] => R$
            [delivery_time] => 5
            [delivery_range] => Array
                (
                    [min] => 4
                    [max] => 5
                )

            [custom_delivery_time] => 5
            [custom_delivery_range] => Array
                (
                    [min] => 4
                    [max] => 5
                )

            [packages] => Array
                (
                    [0] => Array
                        (
                            [format] => box
                            [weight] => 3.50
                            [insurance_value] => 0.00
                            [dimensions] => Array
                                (
                                    [height] => 15
                                    [width] => 15
                                    [length] => 16
                                )

                        )

                )

            [additional_services] => Array
                (
                    [receipt] => 
                    [own_hand] => 
                    [collect] => 
                )

            [additional] => Array
                (
                    [unit] => Array
                        (
                            [price] => 0
                            [delivery] => 0
                        )

                )

            [company] => Array
                (
                    [id] => 9
                    [name] => Azul Cargo Express
                    [picture] => https://www.melhorenvio.com.br/images/shipping-companies/azulcargo.png
                )

        )

    [7] => Array
        (
            [id] => 17
            [name] => Mini Envios
            [company] => Array
                (
                    [id] => 1
                    [name] => Correios
                    [picture] => https://www.melhorenvio.com.br/images/shipping-companies/correios.png
                )

            [error] => Transportadora não atende este trecho.
        )

    [8] => Array
        (
            [id] => 22
            [name] => Rodoviário
            [company] => Array
                (
                    [id] => 12
                    [name] => Buslog
                    [picture] => https://www.melhorenvio.com.br/images/shipping-companies/buslog.png
                )

            [error] => Transportadora não atende este trecho.
        )

    [9] => Array
        (
            [id] => 27
            [name] => .Package Centralizado
            [price] => 21.40
            [custom_price] => 21.40
            [discount] => 0.00
            [currency] => R$
            [delivery_time] => 7
            [delivery_range] => Array
                (
                    [min] => 6
                    [max] => 7
                )

            [custom_delivery_time] => 7
            [custom_delivery_range] => Array
                (
                    [min] => 6
                    [max] => 7
                )

            [packages] => Array
                (
                    [0] => Array
                        (
                            [format] => box
                            [weight] => 3.50
                            [insurance_value] => 0.00
                            [dimensions] => Array
                                (
                                    [height] => 2
                                    [width] => 11
                                    [length] => 16
                                )

                        )

                )

            [additional_services] => Array
                (
                    [receipt] => 
                    [own_hand] => 
                    [collect] => 
                )

            [additional] => Array
                (
                    [unit] => Array
                        (
                            [price] => 0
                            [delivery] => 0
                        )

                )

            [company] => Array
                (
                    [id] => 2
                    [name] => Jadlog
                    [picture] => https://www.melhorenvio.com.br/images/shipping-companies/jadlog.png
                )

        )

    [10] => Array
        (
            [id] => 31
            [name] => Express
            [company] => Array
                (
                    [id] => 14
                    [name] => Loggi
                    [picture] => https://www.melhorenvio.com.br/images/shipping-companies/loggi.png
                )

            [error] => Transportadora não atende este trecho.
        )

    [11] => Array
        (
            [id] => 32
            [name] => Coleta
            [company] => Array
                (
                    [id] => 14
                    [name] => Loggi
                    [picture] => https://www.melhorenvio.com.br/images/shipping-companies/loggi.png
                )

            [error] => Transportadora não atende este trecho.
        )

    [12] => Array
        (
            [id] => 33
            [name] => Standard
            [company] => Array
                (
                    [id] => 15
                    [name] => JeT
                    [picture] => https://www.melhorenvio.com.br/images/shipping-companies/jet.png
                )

            [error] => Transportadora não atende este trecho.
        )

    [13] => Array
        (
            [id] => 34
            [name] => Loggi Ponto
            [company] => Array
                (
                    [id] => 14
                    [name] => Loggi
                    [picture] => https://www.melhorenvio.com.br/images/shipping-companies/loggi.png
                )

            [error] => Transportadora não atende este trecho.
        )

)

[24-Jul-2025 00:13:07 UTC] PHP Warning:  Undefined variable $response in /home/u344231864/domains/clickjumbo.com.br/public_html/wp/wp-content/plugins/clickjumbo-core/includes/validations/validate-shipping.php on line 96
[24-Jul-2025 00:13:30 UTC] Log de teste Axis - 2025-07-24 00:13:30
[24-Jul-2025 00:13:31 UTC] [CJ_DEBUG] Resposta bruta da Melhor Envio: Array
(
    [0] => Array
        (
            [id] => 1
            [name] => PAC
            [company] => Array
                (
                    [id] => 1
                    [name] => Correios
                    [picture] => https://www.melhorenvio.com.br/images/shipping-companies/correios.png
                )

            [error] => Transportadora não atende este trecho.
        )

    [1] => Array
        (
            [id] => 2
            [name] => SEDEX
            [price] => 22.29
            [custom_price] => 22.29
            [discount] => 0.00
            [currency] => R$
            [delivery_time] => 2
            [delivery_range] => Array
                (
                    [min] => 1
                    [max] => 2
                )

            [custom_delivery_time] => 2
            [custom_delivery_range] => Array
                (
                    [min] => 1
                    [max] => 2
                )

            [packages] => Array
                (
                    [0] => Array
                        (
                            [price] => 22.29
                            [discount] => 0.00
                            [format] => box
                            [weight] => 3.50
                            [insurance_value] => 0.00
                            [dimensions] => Array
                                (
                                    [height] => 2
                                    [width] => 11
                                    [length] => 16
                                )

                        )

                )

            [additional_services] => Array
                (
                    [receipt] => 
                    [own_hand] => 
                    [collect] => 
                )

            [additional] => Array
                (
                    [unit] => Array
                        (
                            [price] => 0
                            [delivery] => 0
                        )

                )

            [company] => Array
                (
                    [id] => 1
                    [name] => Correios
                    [picture] => https://www.melhorenvio.com.br/images/shipping-companies/correios.png
                )

        )

    [2] => Array
        (
            [id] => 3
            [name] => .Package
            [price] => 19.44
            [custom_price] => 19.44
            [discount] => 0.00
            [currency] => R$
            [delivery_time] => 7
            [delivery_range] => Array
                (
                    [min] => 6
                    [max] => 7
                )

            [custom_delivery_time] => 7
            [custom_delivery_range] => Array
                (
                    [min] => 6
                    [max] => 7
                )

            [packages] => Array
                (
                    [0] => Array
                        (
                            [format] => box
                            [weight] => 3.50
                            [insurance_value] => 0.00
                            [dimensions] => Array
                                (
                                    [height] => 2
                                    [width] => 11
                                    [length] => 16
                                )

                        )

                )

            [additional_services] => Array
                (
                    [receipt] => 
                    [own_hand] => 
                    [collect] => 
                )

            [additional] => Array
                (
                    [unit] => Array
                        (
                            [price] => 0
                            [delivery] => 0
                        )

                )

            [company] => Array
                (
                    [id] => 2
                    [name] => Jadlog
                    [picture] => https://www.melhorenvio.com.br/images/shipping-companies/jadlog.png
                )

        )

    [3] => Array
        (
            [id] => 4
            [name] => .Com
            [price] => 19.78
            [custom_price] => 19.78
            [discount] => 0.00
            [currency] => R$
            [delivery_time] => 6
            [delivery_range] => Array
                (
                    [min] => 5
                    [max] => 6
                )

            [custom_delivery_time] => 6
            [custom_delivery_range] => Array
                (
                    [min] => 5
                    [max] => 6
                )

            [packages] => Array
                (
                    [0] => Array
                        (
                            [format] => box
                            [weight] => 3.50
                            [insurance_value] => 0.00
                            [dimensions] => Array
                                (
                                    [height] => 2
                                    [width] => 11
                                    [length] => 16
                                )

                        )

                )

            [additional_services] => Array
                (
                    [receipt] => 
                    [own_hand] => 
                    [collect] => 
                )

            [additional] => Array
                (
                    [unit] => Array
                        (
                            [price] => 0
                            [delivery] => 0
                        )

                )

            [company] => Array
                (
                    [id] => 2
                    [name] => Jadlog
                    [picture] => https://www.melhorenvio.com.br/images/shipping-companies/jadlog.png
                )

        )

    [4] => Array
        (
            [id] => 12
            [name] => éFácil
            [company] => Array
                (
                    [id] => 6
                    [name] => LATAM Cargo
                    [picture] => https://www.melhorenvio.com.br/images/shipping-companies/latamcargo.png
                )

            [error] => Transportadora não atende este trecho.
        )

    [5] => Array
        (
            [id] => 15
            [name] => Expresso
            [price] => 91.62
            [custom_price] => 91.62
            [discount] => 0.00
            [currency] => R$
            [delivery_time] => 4
            [delivery_range] => Array
                (
                    [min] => 3
                    [max] => 4
                )

            [custom_delivery_time] => 4
            [custom_delivery_range] => Array
                (
                    [min] => 3
                    [max] => 4
                )

            [packages] => Array
                (
                    [0] => Array
                        (
                            [format] => box
                            [weight] => 3.50
                            [insurance_value] => 0.00
                            [dimensions] => Array
                                (
                                    [height] => 15
                                    [width] => 15
                                    [length] => 16
                                )

                        )

                )

            [additional_services] => Array
                (
                    [receipt] => 
                    [own_hand] => 
                    [collect] => 
                )

            [additional] => Array
                (
                    [unit] => Array
                        (
                            [price] => 0
                            [delivery] => 0
                        )

                )

            [company] => Array
                (
                    [id] => 9
                    [name] => Azul Cargo Express
                    [picture] => https://www.melhorenvio.com.br/images/shipping-companies/azulcargo.png
                )

        )

    [6] => Array
        (
            [id] => 16
            [name] => e-commerce
            [price] => 85.83
            [custom_price] => 85.83
            [discount] => 0.00
            [currency] => R$
            [delivery_time] => 5
            [delivery_range] => Array
                (
                    [min] => 4
                    [max] => 5
                )

            [custom_delivery_time] => 5
            [custom_delivery_range] => Array
                (
                    [min] => 4
                    [max] => 5
                )

            [packages] => Array
                (
                    [0] => Array
                        (
                            [format] => box
                            [weight] => 3.50
                            [insurance_value] => 0.00
                            [dimensions] => Array
                                (
                                    [height] => 15
                                    [width] => 15
                                    [length] => 16
                                )

                        )

                )

            [additional_services] => Array
                (
                    [receipt] => 
                    [own_hand] => 
                    [collect] => 
                )

            [additional] => Array
                (
                    [unit] => Array
                        (
                            [price] => 0
                            [delivery] => 0
                        )

                )

            [company] => Array
                (
                    [id] => 9
                    [name] => Azul Cargo Express
                    [picture] => https://www.melhorenvio.com.br/images/shipping-companies/azulcargo.png
                )

        )

    [7] => Array
        (
            [id] => 17
            [name] => Mini Envios
            [company] => Array
                (
                    [id] => 1
                    [name] => Correios
                    [picture] => https://www.melhorenvio.com.br/images/shipping-companies/correios.png
                )

            [error] => Transportadora não atende este trecho.
        )

    [8] => Array
        (
            [id] => 22
            [name] => Rodoviário
            [company] => Array
                (
                    [id] => 12
                    [name] => Buslog
                    [picture] => https://www.melhorenvio.com.br/images/shipping-companies/buslog.png
                )

            [error] => Transportadora não atende este trecho.
        )

    [9] => Array
        (
            [id] => 27
            [name] => .Package Centralizado
            [price] => 21.40
            [custom_price] => 21.40
            [discount] => 0.00
            [currency] => R$
            [delivery_time] => 7
            [delivery_range] => Array
                (
                    [min] => 6
                    [max] => 7
                )

            [custom_delivery_time] => 7
            [custom_delivery_range] => Array
                (
                    [min] => 6
                    [max] => 7
                )

            [packages] => Array
                (
                    [0] => Array
                        (
                            [format] => box
                            [weight] => 3.50
                            [insurance_value] => 0.00
                            [dimensions] => Array
                                (
                                    [height] => 2
                                    [width] => 11
                                    [length] => 16
                                )

                        )

                )

            [additional_services] => Array
                (
                    [receipt] => 
                    [own_hand] => 
                    [collect] => 
                )

            [additional] => Array
                (
                    [unit] => Array
                        (
                            [price] => 0
                            [delivery] => 0
                        )

                )

            [company] => Array
                (
                    [id] => 2
                    [name] => Jadlog
                    [picture] => https://www.melhorenvio.com.br/images/shipping-companies/jadlog.png
                )

        )

    [10] => Array
        (
            [id] => 31
            [name] => Express
            [company] => Array
                (
                    [id] => 14
                    [name] => Loggi
                    [picture] => https://www.melhorenvio.com.br/images/shipping-companies/loggi.png
                )

            [error] => Transportadora não atende este trecho.
        )

    [11] => Array
        (
            [id] => 32
            [name] => Coleta
            [company] => Array
                (
                    [id] => 14
                    [name] => Loggi
                    [picture] => https://www.melhorenvio.com.br/images/shipping-companies/loggi.png
                )

            [error] => Transportadora não atende este trecho.
        )

    [12] => Array
        (
            [id] => 33
            [name] => Standard
            [company] => Array
                (
                    [id] => 15
                    [name] => JeT
                    [picture] => https://www.melhorenvio.com.br/images/shipping-companies/jet.png
                )

            [error] => Transportadora não atende este trecho.
        )

    [13] => Array
        (
            [id] => 34
            [name] => Loggi Ponto
            [company] => Array
                (
                    [id] => 14
                    [name] => Loggi
                    [picture] => https://www.melhorenvio.com.br/images/shipping-companies/loggi.png
                )

            [error] => Transportadora não atende este trecho.
        )

)

[24-Jul-2025 00:13:31 UTC] PHP Warning:  Undefined variable $response in /home/u344231864/domains/clickjumbo.com.br/public_html/wp/wp-content/plugins/clickjumbo-core/includes/validations/validate-shipping.php on line 96
[24-Jul-2025 00:18:49 UTC] Log de teste Axis - 2025-07-24 00:18:49
[24-Jul-2025 00:18:50 UTC] [CJ_DEBUG] Resposta bruta da Melhor Envio: Array
(
    [0] => Array
        (
            [id] => 1
            [name] => PAC
            [company] => Array
                (
                    [id] => 1
                    [name] => Correios
                    [picture] => https://www.melhorenvio.com.br/images/shipping-companies/correios.png
                )

            [error] => Transportadora não atende este trecho.
        )

    [1] => Array
        (
            [id] => 2
            [name] => SEDEX
            [price] => 22.29
            [custom_price] => 22.29
            [discount] => 0.00
            [currency] => R$
            [delivery_time] => 2
            [delivery_range] => Array
                (
                    [min] => 1
                    [max] => 2
                )

            [custom_delivery_time] => 2
            [custom_delivery_range] => Array
                (
                    [min] => 1
                    [max] => 2
                )

            [packages] => Array
                (
                    [0] => Array
                        (
                            [price] => 22.29
                            [discount] => 0.00
                            [format] => box
                            [weight] => 3.50
                            [insurance_value] => 0.00
                            [dimensions] => Array
                                (
                                    [height] => 2
                                    [width] => 11
                                    [length] => 16
                                )

                        )

                )

            [additional_services] => Array
                (
                    [receipt] => 
                    [own_hand] => 
                    [collect] => 
                )

            [additional] => Array
                (
                    [unit] => Array
                        (
                            [price] => 0
                            [delivery] => 0
                        )

                )

            [company] => Array
                (
                    [id] => 1
                    [name] => Correios
                    [picture] => https://www.melhorenvio.com.br/images/shipping-companies/correios.png
                )

        )

    [2] => Array
        (
            [id] => 3
            [name] => .Package
            [price] => 19.44
            [custom_price] => 19.44
            [discount] => 0.00
            [currency] => R$
            [delivery_time] => 7
            [delivery_range] => Array
                (
                    [min] => 6
                    [max] => 7
                )

            [custom_delivery_time] => 7
            [custom_delivery_range] => Array
                (
                    [min] => 6
                    [max] => 7
                )

            [packages] => Array
                (
                    [0] => Array
                        (
                            [format] => box
                            [weight] => 3.50
                            [insurance_value] => 0.00
                            [dimensions] => Array
                                (
                                    [height] => 2
                                    [width] => 11
                                    [length] => 16
                                )

                        )

                )

            [additional_services] => Array
                (
                    [receipt] => 
                    [own_hand] => 
                    [collect] => 
                )

            [additional] => Array
                (
                    [unit] => Array
                        (
                            [price] => 0
                            [delivery] => 0
                        )

                )

            [company] => Array
                (
                    [id] => 2
                    [name] => Jadlog
                    [picture] => https://www.melhorenvio.com.br/images/shipping-companies/jadlog.png
                )

        )

    [3] => Array
        (
            [id] => 4
            [name] => .Com
            [price] => 19.78
            [custom_price] => 19.78
            [discount] => 0.00
            [currency] => R$
            [delivery_time] => 6
            [delivery_range] => Array
                (
                    [min] => 5
                    [max] => 6
                )

            [custom_delivery_time] => 6
            [custom_delivery_range] => Array
                (
                    [min] => 5
                    [max] => 6
                )

            [packages] => Array
                (
                    [0] => Array
                        (
                            [format] => box
                            [weight] => 3.50
                            [insurance_value] => 0.00
                            [dimensions] => Array
                                (
                                    [height] => 2
                                    [width] => 11
                                    [length] => 16
                                )

                        )

                )

            [additional_services] => Array
                (
                    [receipt] => 
                    [own_hand] => 
                    [collect] => 
                )

            [additional] => Array
                (
                    [unit] => Array
                        (
                            [price] => 0
                            [delivery] => 0
                        )

                )

            [company] => Array
                (
                    [id] => 2
                    [name] => Jadlog
                    [picture] => https://www.melhorenvio.com.br/images/shipping-companies/jadlog.png
                )

        )

    [4] => Array
        (
            [id] => 12
            [name] => éFácil
            [company] => Array
                (
                    [id] => 6
                    [name] => LATAM Cargo
                    [picture] => https://www.melhorenvio.com.br/images/shipping-companies/latamcargo.png
                )

            [error] => Transportadora não atende este trecho.
        )

    [5] => Array
        (
            [id] => 15
            [name] => Expresso
            [price] => 91.62
            [custom_price] => 91.62
            [discount] => 0.00
            [currency] => R$
            [delivery_time] => 4
            [delivery_range] => Array
                (
                    [min] => 3
                    [max] => 4
                )

            [custom_delivery_time] => 4
            [custom_delivery_range] => Array
                (
                    [min] => 3
                    [max] => 4
                )

            [packages] => Array
                (
                    [0] => Array
                        (
                            [format] => box
                            [weight] => 3.50
                            [insurance_value] => 0.00
                            [dimensions] => Array
                                (
                                    [height] => 15
                                    [width] => 15
                                    [length] => 16
                                )

                        )

                )

            [additional_services] => Array
                (
                    [receipt] => 
                    [own_hand] => 
                    [collect] => 
                )

            [additional] => Array
                (
                    [unit] => Array
                        (
                            [price] => 0
                            [delivery] => 0
                        )

                )

            [company] => Array
                (
                    [id] => 9
                    [name] => Azul Cargo Express
                    [picture] => https://www.melhorenvio.com.br/images/shipping-companies/azulcargo.png
                )

        )

    [6] => Array
        (
            [id] => 16
            [name] => e-commerce
            [price] => 85.83
            [custom_price] => 85.83
            [discount] => 0.00
            [currency] => R$
            [delivery_time] => 5
            [delivery_range] => Array
                (
                    [min] => 4
                    [max] => 5
                )

            [custom_delivery_time] => 5
            [custom_delivery_range] => Array
                (
                    [min] => 4
                    [max] => 5
                )

            [packages] => Array
                (
                    [0] => Array
                        (
                            [format] => box
                            [weight] => 3.50
                            [insurance_value] => 0.00
                            [dimensions] => Array
                                (
                                    [height] => 15
                                    [width] => 15
                                    [length] => 16
                                )

                        )

                )

            [additional_services] => Array
                (
                    [receipt] => 
                    [own_hand] => 
                    [collect] => 
                )

            [additional] => Array
                (
                    [unit] => Array
                        (
                            [price] => 0
                            [delivery] => 0
                        )

                )

            [company] => Array
                (
                    [id] => 9
                    [name] => Azul Cargo Express
                    [picture] => https://www.melhorenvio.com.br/images/shipping-companies/azulcargo.png
                )

        )

    [7] => Array
        (
            [id] => 17
            [name] => Mini Envios
            [company] => Array
                (
                    [id] => 1
                    [name] => Correios
                    [picture] => https://www.melhorenvio.com.br/images/shipping-companies/correios.png
                )

            [error] => Transportadora não atende este trecho.
        )

    [8] => Array
        (
            [id] => 22
            [name] => Rodoviário
            [company] => Array
                (
                    [id] => 12
                    [name] => Buslog
                    [picture] => https://www.melhorenvio.com.br/images/shipping-companies/buslog.png
                )

            [error] => Transportadora não atende este trecho.
        )

    [9] => Array
        (
            [id] => 27
            [name] => .Package Centralizado
            [price] => 21.40
            [custom_price] => 21.40
            [discount] => 0.00
            [currency] => R$
            [delivery_time] => 7
            [delivery_range] => Array
                (
                    [min] => 6
                    [max] => 7
                )

            [custom_delivery_time] => 7
            [custom_delivery_range] => Array
                (
                    [min] => 6
                    [max] => 7
                )

            [packages] => Array
                (
                    [0] => Array
                        (
                            [format] => box
                            [weight] => 3.50
                            [insurance_value] => 0.00
                            [dimensions] => Array
                                (
                                    [height] => 2
                                    [width] => 11
                                    [length] => 16
                                )

                        )

                )

            [additional_services] => Array
                (
                    [receipt] => 
                    [own_hand] => 
                    [collect] => 
                )

            [additional] => Array
                (
                    [unit] => Array
                        (
                            [price] => 0
                            [delivery] => 0
                        )

                )

            [company] => Array
                (
                    [id] => 2
                    [name] => Jadlog
                    [picture] => https://www.melhorenvio.com.br/images/shipping-companies/jadlog.png
                )

        )

    [10] => Array
        (
            [id] => 31
            [name] => Express
            [company] => Array
                (
                    [id] => 14
                    [name] => Loggi
                    [picture] => https://www.melhorenvio.com.br/images/shipping-companies/loggi.png
                )

            [error] => Transportadora não atende este trecho.
        )

    [11] => Array
        (
            [id] => 32
            [name] => Coleta
            [company] => Array
                (
                    [id] => 14
                    [name] => Loggi
                    [picture] => https://www.melhorenvio.com.br/images/shipping-companies/loggi.png
                )

            [error] => Transportadora não atende este trecho.
        )

    [12] => Array
        (
            [id] => 33
            [name] => Standard
            [company] => Array
                (
                    [id] => 15
                    [name] => JeT
                    [picture] => https://www.melhorenvio.com.br/images/shipping-companies/jet.png
                )

            [error] => Transportadora não atende este trecho.
        )

    [13] => Array
        (
            [id] => 34
            [name] => Loggi Ponto
            [company] => Array
                (
                    [id] => 14
                    [name] => Loggi
                    [picture] => https://www.melhorenvio.com.br/images/shipping-companies/loggi.png
                )

            [error] => Transportadora não atende este trecho.
        )

)

[24-Jul-2025 00:18:50 UTC] PHP Warning:  Undefined variable $response in /home/u344231864/domains/clickjumbo.com.br/public_html/wp/wp-content/plugins/clickjumbo-core/includes/validations/validate-shipping.php on line 96
[24-Jul-2025 00:18:56 UTC] Log de teste Axis - 2025-07-24 00:18:56
[24-Jul-2025 00:18:56 UTC] [CJ_DEBUG] Resposta bruta da Melhor Envio: Array
(
    [0] => Array
        (
            [id] => 1
            [name] => PAC
            [company] => Array
                (
                    [id] => 1
                    [name] => Correios
                    [picture] => https://www.melhorenvio.com.br/images/shipping-companies/correios.png
                )

            [error] => Transportadora não atende este trecho.
        )

    [1] => Array
        (
            [id] => 2
            [name] => SEDEX
            [price] => 22.29
            [custom_price] => 22.29
            [discount] => 0.00
            [currency] => R$
            [delivery_time] => 2
            [delivery_range] => Array
                (
                    [min] => 1
                    [max] => 2
                )

            [custom_delivery_time] => 2
            [custom_delivery_range] => Array
                (
                    [min] => 1
                    [max] => 2
                )

            [packages] => Array
                (
                    [0] => Array
                        (
                            [price] => 22.29
                            [discount] => 0.00
                            [format] => box
                            [weight] => 3.50
                            [insurance_value] => 0.00
                            [dimensions] => Array
                                (
                                    [height] => 2
                                    [width] => 11
                                    [length] => 16
                                )

                        )

                )

            [additional_services] => Array
                (
                    [receipt] => 
                    [own_hand] => 
                    [collect] => 
                )

            [additional] => Array
                (
                    [unit] => Array
                        (
                            [price] => 0
                            [delivery] => 0
                        )

                )

            [company] => Array
                (
                    [id] => 1
                    [name] => Correios
                    [picture] => https://www.melhorenvio.com.br/images/shipping-companies/correios.png
                )

        )

    [2] => Array
        (
            [id] => 3
            [name] => .Package
            [price] => 19.44
            [custom_price] => 19.44
            [discount] => 0.00
            [currency] => R$
            [delivery_time] => 7
            [delivery_range] => Array
                (
                    [min] => 6
                    [max] => 7
                )

            [custom_delivery_time] => 7
            [custom_delivery_range] => Array
                (
                    [min] => 6
                    [max] => 7
                )

            [packages] => Array
                (
                    [0] => Array
                        (
                            [format] => box
                            [weight] => 3.50
                            [insurance_value] => 0.00
                            [dimensions] => Array
                                (
                                    [height] => 2
                                    [width] => 11
                                    [length] => 16
                                )

                        )

                )

            [additional_services] => Array
                (
                    [receipt] => 
                    [own_hand] => 
                    [collect] => 
                )

            [additional] => Array
                (
                    [unit] => Array
                        (
                            [price] => 0
                            [delivery] => 0
                        )

                )

            [company] => Array
                (
                    [id] => 2
                    [name] => Jadlog
                    [picture] => https://www.melhorenvio.com.br/images/shipping-companies/jadlog.png
                )

        )

    [3] => Array
        (
            [id] => 4
            [name] => .Com
            [price] => 19.78
            [custom_price] => 19.78
            [discount] => 0.00
            [currency] => R$
            [delivery_time] => 6
            [delivery_range] => Array
                (
                    [min] => 5
                    [max] => 6
                )

            [custom_delivery_time] => 6
            [custom_delivery_range] => Array
                (
                    [min] => 5
                    [max] => 6
                )

            [packages] => Array
                (
                    [0] => Array
                        (
                            [format] => box
                            [weight] => 3.50
                            [insurance_value] => 0.00
                            [dimensions] => Array
                                (
                                    [height] => 2
                                    [width] => 11
                                    [length] => 16
                                )

                        )

                )

            [additional_services] => Array
                (
                    [receipt] => 
                    [own_hand] => 
                    [collect] => 
                )

            [additional] => Array
                (
                    [unit] => Array
                        (
                            [price] => 0
                            [delivery] => 0
                        )

                )

            [company] => Array
                (
                    [id] => 2
                    [name] => Jadlog
                    [picture] => https://www.melhorenvio.com.br/images/shipping-companies/jadlog.png
                )

        )

    [4] => Array
        (
            [id] => 12
            [name] => éFácil
            [company] => Array
                (
                    [id] => 6
                    [name] => LATAM Cargo
                    [picture] => https://www.melhorenvio.com.br/images/shipping-companies/latamcargo.png
                )

            [error] => Transportadora não atende este trecho.
        )

    [5] => Array
        (
            [id] => 15
            [name] => Expresso
            [price] => 91.62
            [custom_price] => 91.62
            [discount] => 0.00
            [currency] => R$
            [delivery_time] => 4
            [delivery_range] => Array
                (
                    [min] => 3
                    [max] => 4
                )

            [custom_delivery_time] => 4
            [custom_delivery_range] => Array
                (
                    [min] => 3
                    [max] => 4
                )

            [packages] => Array
                (
                    [0] => Array
                        (
                            [format] => box
                            [weight] => 3.50
                            [insurance_value] => 0.00
                            [dimensions] => Array
                                (
                                    [height] => 15
                                    [width] => 15
                                    [length] => 16
                                )

                        )

                )

            [additional_services] => Array
                (
                    [receipt] => 
                    [own_hand] => 
                    [collect] => 
                )

            [additional] => Array
                (
                    [unit] => Array
                        (
                            [price] => 0
                            [delivery] => 0
                        )

                )

            [company] => Array
                (
                    [id] => 9
                    [name] => Azul Cargo Express
                    [picture] => https://www.melhorenvio.com.br/images/shipping-companies/azulcargo.png
                )

        )

    [6] => Array
        (
            [id] => 16
            [name] => e-commerce
            [price] => 85.83
            [custom_price] => 85.83
            [discount] => 0.00
            [currency] => R$
            [delivery_time] => 5
            [delivery_range] => Array
                (
                    [min] => 4
                    [max] => 5
                )

            [custom_delivery_time] => 5
            [custom_delivery_range] => Array
                (
                    [min] => 4
                    [max] => 5
                )

            [packages] => Array
                (
                    [0] => Array
                        (
                            [format] => box
                            [weight] => 3.50
                            [insurance_value] => 0.00
                            [dimensions] => Array
                                (
                                    [height] => 15
                                    [width] => 15
                                    [length] => 16
                                )

                        )

                )

            [additional_services] => Array
                (
                    [receipt] => 
                    [own_hand] => 
                    [collect] => 
                )

            [additional] => Array
                (
                    [unit] => Array
                        (
                            [price] => 0
                            [delivery] => 0
                        )

                )

            [company] => Array
                (
                    [id] => 9
                    [name] => Azul Cargo Express
                    [picture] => https://www.melhorenvio.com.br/images/shipping-companies/azulcargo.png
                )

        )

    [7] => Array
        (
            [id] => 17
            [name] => Mini Envios
            [company] => Array
                (
                    [id] => 1
                    [name] => Correios
                    [picture] => https://www.melhorenvio.com.br/images/shipping-companies/correios.png
                )

            [error] => Transportadora não atende este trecho.
        )

    [8] => Array
        (
            [id] => 22
            [name] => Rodoviário
            [company] => Array
                (
                    [id] => 12
                    [name] => Buslog
                    [picture] => https://www.melhorenvio.com.br/images/shipping-companies/buslog.png
                )

            [error] => Transportadora não atende este trecho.
        )

    [9] => Array
        (
            [id] => 27
            [name] => .Package Centralizado
            [price] => 21.40
            [custom_price] => 21.40
            [discount] => 0.00
            [currency] => R$
            [delivery_time] => 7
            [delivery_range] => Array
                (
                    [min] => 6
                    [max] => 7
                )

            [custom_delivery_time] => 7
            [custom_delivery_range] => Array
                (
                    [min] => 6
                    [max] => 7
                )

            [packages] => Array
                (
                    [0] => Array
                        (
                            [format] => box
                            [weight] => 3.50
                            [insurance_value] => 0.00
                            [dimensions] => Array
                                (
                                    [height] => 2
                                    [width] => 11
                                    [length] => 16
                                )

                        )

                )

            [additional_services] => Array
                (
                    [receipt] => 
                    [own_hand] => 
                    [collect] => 
                )

            [additional] => Array
                (
                    [unit] => Array
                        (
                            [price] => 0
                            [delivery] => 0
                        )

                )

            [company] => Array
                (
                    [id] => 2
                    [name] => Jadlog
                    [picture] => https://www.melhorenvio.com.br/images/shipping-companies/jadlog.png
                )

        )

    [10] => Array
        (
            [id] => 31
            [name] => Express
            [company] => Array
                (
                    [id] => 14
                    [name] => Loggi
                    [picture] => https://www.melhorenvio.com.br/images/shipping-companies/loggi.png
                )

            [error] => Transportadora não atende este trecho.
        )

    [11] => Array
        (
            [id] => 32
            [name] => Coleta
            [company] => Array
                (
                    [id] => 14
                    [name] => Loggi
                    [picture] => https://www.melhorenvio.com.br/images/shipping-companies/loggi.png
                )

            [error] => Transportadora não atende este trecho.
        )

    [12] => Array
        (
            [id] => 33
            [name] => Standard
            [company] => Array
                (
                    [id] => 15
                    [name] => JeT
                    [picture] => https://www.melhorenvio.com.br/images/shipping-companies/jet.png
                )

            [error] => Transportadora não atende este trecho.
        )

    [13] => Array
        (
            [id] => 34
            [name] => Loggi Ponto
            [company] => Array
                (
                    [id] => 14
                    [name] => Loggi
                    [picture] => https://www.melhorenvio.com.br/images/shipping-companies/loggi.png
                )

            [error] => Transportadora não atende este trecho.
        )

)

[24-Jul-2025 00:18:56 UTC] PHP Warning:  Undefined variable $response in /home/u344231864/domains/clickjumbo.com.br/public_html/wp/wp-content/plugins/clickjumbo-core/includes/validations/validate-shipping.php on line 96
[24-Jul-2025 00:19:08 UTC] Log de teste Axis - 2025-07-24 00:19:08
[24-Jul-2025 00:19:08 UTC] [CJ_DEBUG] Resposta bruta da Melhor Envio: Array
(
    [0] => Array
        (
            [id] => 1
            [name] => PAC
            [company] => Array
                (
                    [id] => 1
                    [name] => Correios
                    [picture] => https://www.melhorenvio.com.br/images/shipping-companies/correios.png
                )

            [error] => Transportadora não atende este trecho.
        )

    [1] => Array
        (
            [id] => 2
            [name] => SEDEX
            [company] => Array
                (
                    [id] => 1
                    [name] => Correios
                    [picture] => https://www.melhorenvio.com.br/images/shipping-companies/correios.png
                )

            [error] => Transportadora não atende este trecho.
        )

    [2] => Array
        (
            [id] => 3
            [name] => .Package
            [company] => Array
                (
                    [id] => 2
                    [name] => Jadlog
                    [picture] => https://www.melhorenvio.com.br/images/shipping-companies/jadlog.png
                )

            [error] => Transportadora não atende este trecho.
        )

    [3] => Array
        (
            [id] => 4
            [name] => .Com
            [company] => Array
                (
                    [id] => 2
                    [name] => Jadlog
                    [picture] => https://www.melhorenvio.com.br/images/shipping-companies/jadlog.png
                )

            [error] => Transportadora não atende este trecho.
        )

    [4] => Array
        (
            [id] => 12
            [name] => éFácil
            [company] => Array
                (
                    [id] => 6
                    [name] => LATAM Cargo
                    [picture] => https://www.melhorenvio.com.br/images/shipping-companies/latamcargo.png
                )

            [error] => Transportadora não atende este trecho.
        )

    [5] => Array
        (
            [id] => 15
            [name] => Expresso
            [company] => Array
                (
                    [id] => 9
                    [name] => Azul Cargo Express
                    [picture] => https://www.melhorenvio.com.br/images/shipping-companies/azulcargo.png
                )

            [error] => Transportadora não atende este trecho.
        )

    [6] => Array
        (
            [id] => 16
            [name] => e-commerce
            [company] => Array
                (
                    [id] => 9
                    [name] => Azul Cargo Express
                    [picture] => https://www.melhorenvio.com.br/images/shipping-companies/azulcargo.png
                )

            [error] => Transportadora não atende este trecho.
        )

    [7] => Array
        (
            [id] => 17
            [name] => Mini Envios
            [company] => Array
                (
                    [id] => 1
                    [name] => Correios
                    [picture] => https://www.melhorenvio.com.br/images/shipping-companies/correios.png
                )

            [error] => Transportadora não atende este trecho.
        )

    [8] => Array
        (
            [id] => 22
            [name] => Rodoviário
            [company] => Array
                (
                    [id] => 12
                    [name] => Buslog
                    [picture] => https://www.melhorenvio.com.br/images/shipping-companies/buslog.png
                )

            [error] => Transportadora não atende este trecho.
        )

    [9] => Array
        (
            [id] => 27
            [name] => .Package Centralizado
            [company] => Array
                (
                    [id] => 2
                    [name] => Jadlog
                    [picture] => https://www.melhorenvio.com.br/images/shipping-companies/jadlog.png
                )

            [error] => Transportadora não atende este trecho.
        )

    [10] => Array
        (
            [id] => 31
            [name] => Express
            [company] => Array
                (
                    [id] => 14
                    [name] => Loggi
                    [picture] => https://www.melhorenvio.com.br/images/shipping-companies/loggi.png
                )

            [error] => Transportadora não atende este trecho.
        )

    [11] => Array
        (
            [id] => 32
            [name] => Coleta
            [company] => Array
                (
                    [id] => 14
                    [name] => Loggi
                    [picture] => https://www.melhorenvio.com.br/images/shipping-companies/loggi.png
                )

            [error] => Transportadora não atende este trecho.
        )

    [12] => Array
        (
            [id] => 33
            [name] => Standard
            [company] => Array
                (
                    [id] => 15
                    [name] => JeT
                    [picture] => https://www.melhorenvio.com.br/images/shipping-companies/jet.png
                )

            [error] => Transportadora não atende este trecho.
        )

    [13] => Array
        (
            [id] => 34
            [name] => Loggi Ponto
            [company] => Array
                (
                    [id] => 14
                    [name] => Loggi
                    [picture] => https://www.melhorenvio.com.br/images/shipping-companies/loggi.png
                )

            [error] => Transportadora não atende este trecho.
        )

)

[24-Jul-2025 00:19:08 UTC] PHP Warning:  Undefined variable $response in /home/u344231864/domains/clickjumbo.com.br/public_html/wp/wp-content/plugins/clickjumbo-core/includes/validations/validate-shipping.php on line 96
[24-Jul-2025 00:19:19 UTC] Log de teste Axis - 2025-07-24 00:19:19
[24-Jul-2025 00:19:19 UTC] [CJ_DEBUG] Resposta bruta da Melhor Envio: Array
(
    [0] => Array
        (
            [id] => 1
            [name] => PAC
            [company] => Array
                (
                    [id] => 1
                    [name] => Correios
                    [picture] => https://www.melhorenvio.com.br/images/shipping-companies/correios.png
                )

            [error] => Transportadora não atende este trecho.
        )

    [1] => Array
        (
            [id] => 2
            [name] => SEDEX
            [price] => 22.29
            [custom_price] => 22.29
            [discount] => 0.00
            [currency] => R$
            [delivery_time] => 2
            [delivery_range] => Array
                (
                    [min] => 1
                    [max] => 2
                )

            [custom_delivery_time] => 2
            [custom_delivery_range] => Array
                (
                    [min] => 1
                    [max] => 2
                )

            [packages] => Array
                (
                    [0] => Array
                        (
                            [price] => 22.29
                            [discount] => 0.00
                            [format] => box
                            [weight] => 3.50
                            [insurance_value] => 0.00
                            [dimensions] => Array
                                (
                                    [height] => 2
                                    [width] => 11
                                    [length] => 16
                                )

                        )

                )

            [additional_services] => Array
                (
                    [receipt] => 
                    [own_hand] => 
                    [collect] => 
                )

            [additional] => Array
                (
                    [unit] => Array
                        (
                            [price] => 0
                            [delivery] => 0
                        )

                )

            [company] => Array
                (
                    [id] => 1
                    [name] => Correios
                    [picture] => https://www.melhorenvio.com.br/images/shipping-companies/correios.png
                )

        )

    [2] => Array
        (
            [id] => 3
            [name] => .Package
            [price] => 19.44
            [custom_price] => 19.44
            [discount] => 0.00
            [currency] => R$
            [delivery_time] => 7
            [delivery_range] => Array
                (
                    [min] => 6
                    [max] => 7
                )

            [custom_delivery_time] => 7
            [custom_delivery_range] => Array
                (
                    [min] => 6
                    [max] => 7
                )

            [packages] => Array
                (
                    [0] => Array
                        (
                            [format] => box
                            [weight] => 3.50
                            [insurance_value] => 0.00
                            [dimensions] => Array
                                (
                                    [height] => 2
                                    [width] => 11
                                    [length] => 16
                                )

                        )

                )

            [additional_services] => Array
                (
                    [receipt] => 
                    [own_hand] => 
                    [collect] => 
                )

            [additional] => Array
                (
                    [unit] => Array
                        (
                            [price] => 0
                            [delivery] => 0
                        )

                )

            [company] => Array
                (
                    [id] => 2
                    [name] => Jadlog
                    [picture] => https://www.melhorenvio.com.br/images/shipping-companies/jadlog.png
                )

        )

    [3] => Array
        (
            [id] => 4
            [name] => .Com
            [price] => 19.78
            [custom_price] => 19.78
            [discount] => 0.00
            [currency] => R$
            [delivery_time] => 6
            [delivery_range] => Array
                (
                    [min] => 5
                    [max] => 6
                )

            [custom_delivery_time] => 6
            [custom_delivery_range] => Array
                (
                    [min] => 5
                    [max] => 6
                )

            [packages] => Array
                (
                    [0] => Array
                        (
                            [format] => box
                            [weight] => 3.50
                            [insurance_value] => 0.00
                            [dimensions] => Array
                                (
                                    [height] => 2
                                    [width] => 11
                                    [length] => 16
                                )

                        )

                )

            [additional_services] => Array
                (
                    [receipt] => 
                    [own_hand] => 
                    [collect] => 
                )

            [additional] => Array
                (
                    [unit] => Array
                        (
                            [price] => 0
                            [delivery] => 0
                        )

                )

            [company] => Array
                (
                    [id] => 2
                    [name] => Jadlog
                    [picture] => https://www.melhorenvio.com.br/images/shipping-companies/jadlog.png
                )

        )

    [4] => Array
        (
            [id] => 12
            [name] => éFácil
            [company] => Array
                (
                    [id] => 6
                    [name] => LATAM Cargo
                    [picture] => https://www.melhorenvio.com.br/images/shipping-companies/latamcargo.png
                )

            [error] => Transportadora não atende este trecho.
        )

    [5] => Array
        (
            [id] => 15
            [name] => Expresso
            [price] => 91.62
            [custom_price] => 91.62
            [discount] => 0.00
            [currency] => R$
            [delivery_time] => 4
            [delivery_range] => Array
                (
                    [min] => 3
                    [max] => 4
                )

            [custom_delivery_time] => 4
            [custom_delivery_range] => Array
                (
                    [min] => 3
                    [max] => 4
                )

            [packages] => Array
                (
                    [0] => Array
                        (
                            [format] => box
                            [weight] => 3.50
                            [insurance_value] => 0.00
                            [dimensions] => Array
                                (
                                    [height] => 15
                                    [width] => 15
                                    [length] => 16
                                )

                        )

                )

            [additional_services] => Array
                (
                    [receipt] => 
                    [own_hand] => 
                    [collect] => 
                )

            [additional] => Array
                (
                    [unit] => Array
                        (
                            [price] => 0
                            [delivery] => 0
                        )

                )

            [company] => Array
                (
                    [id] => 9
                    [name] => Azul Cargo Express
                    [picture] => https://www.melhorenvio.com.br/images/shipping-companies/azulcargo.png
                )

        )

    [6] => Array
        (
            [id] => 16
            [name] => e-commerce
            [price] => 85.83
            [custom_price] => 85.83
            [discount] => 0.00
            [currency] => R$
            [delivery_time] => 5
            [delivery_range] => Array
                (
                    [min] => 4
                    [max] => 5
                )

            [custom_delivery_time] => 5
            [custom_delivery_range] => Array
                (
                    [min] => 4
                    [max] => 5
                )

            [packages] => Array
                (
                    [0] => Array
                        (
                            [format] => box
                            [weight] => 3.50
                            [insurance_value] => 0.00
                            [dimensions] => Array
                                (
                                    [height] => 15
                                    [width] => 15
                                    [length] => 16
                                )

                        )

                )

            [additional_services] => Array
                (
                    [receipt] => 
                    [own_hand] => 
                    [collect] => 
                )

            [additional] => Array
                (
                    [unit] => Array
                        (
                            [price] => 0
                            [delivery] => 0
                        )

                )

            [company] => Array
                (
                    [id] => 9
                    [name] => Azul Cargo Express
                    [picture] => https://www.melhorenvio.com.br/images/shipping-companies/azulcargo.png
                )

        )

    [7] => Array
        (
            [id] => 17
            [name] => Mini Envios
            [company] => Array
                (
                    [id] => 1
                    [name] => Correios
                    [picture] => https://www.melhorenvio.com.br/images/shipping-companies/correios.png
                )

            [error] => Transportadora não atende este trecho.
        )

    [8] => Array
        (
            [id] => 22
            [name] => Rodoviário
            [company] => Array
                (
                    [id] => 12
                    [name] => Buslog
                    [picture] => https://www.melhorenvio.com.br/images/shipping-companies/buslog.png
                )

            [error] => Transportadora não atende este trecho.
        )

    [9] => Array
        (
            [id] => 27
            [name] => .Package Centralizado
            [price] => 21.40
            [custom_price] => 21.40
            [discount] => 0.00
            [currency] => R$
            [delivery_time] => 7
            [delivery_range] => Array
                (
                    [min] => 6
                    [max] => 7
                )

            [custom_delivery_time] => 7
            [custom_delivery_range] => Array
                (
                    [min] => 6
                    [max] => 7
                )

            [packages] => Array
                (
                    [0] => Array
                        (
                            [format] => box
                            [weight] => 3.50
                            [insurance_value] => 0.00
                            [dimensions] => Array
                                (
                                    [height] => 2
                                    [width] => 11
                                    [length] => 16
                                )

                        )

                )

            [additional_services] => Array
                (
                    [receipt] => 
                    [own_hand] => 
                    [collect] => 
                )

            [additional] => Array
                (
                    [unit] => Array
                        (
                            [price] => 0
                            [delivery] => 0
                        )

                )

            [company] => Array
                (
                    [id] => 2
                    [name] => Jadlog
                    [picture] => https://www.melhorenvio.com.br/images/shipping-companies/jadlog.png
                )

        )

    [10] => Array
        (
            [id] => 31
            [name] => Express
            [company] => Array
                (
                    [id] => 14
                    [name] => Loggi
                    [picture] => https://www.melhorenvio.com.br/images/shipping-companies/loggi.png
                )

            [error] => Transportadora não atende este trecho.
        )

    [11] => Array
        (
            [id] => 32
            [name] => Coleta
            [company] => Array
                (
                    [id] => 14
                    [name] => Loggi
                    [picture] => https://www.melhorenvio.com.br/images/shipping-companies/loggi.png
                )

            [error] => Transportadora não atende este trecho.
        )

    [12] => Array
        (
            [id] => 33
            [name] => Standard
            [company] => Array
                (
                    [id] => 15
                    [name] => JeT
                    [picture] => https://www.melhorenvio.com.br/images/shipping-companies/jet.png
                )

            [error] => Transportadora não atende este trecho.
        )

    [13] => Array
        (
            [id] => 34
            [name] => Loggi Ponto
            [company] => Array
                (
                    [id] => 14
                    [name] => Loggi
                    [picture] => https://www.melhorenvio.com.br/images/shipping-companies/loggi.png
                )

            [error] => Transportadora não atende este trecho.
        )

)

[24-Jul-2025 00:19:19 UTC] PHP Warning:  Undefined variable $response in /home/u344231864/domains/clickjumbo.com.br/public_html/wp/wp-content/plugins/clickjumbo-core/includes/validations/validate-shipping.php on line 96
[24-Jul-2025 06:33:33 UTC] Automatic updates starting...
[24-Jul-2025 06:33:33 UTC]   Automatic plugin updates starting...
[24-Jul-2025 06:33:33 UTC]   Automatic plugin updates complete.
[24-Jul-2025 06:33:34 UTC] Automatic updates complete.
[24-Jul-2025 18:15:49 UTC] Automatic updates starting...
[24-Jul-2025 18:15:49 UTC]   Automatic plugin updates starting...
[24-Jul-2025 18:15:49 UTC]   Automatic plugin updates complete.
[24-Jul-2025 18:15:50 UTC] Automatic updates complete.
[24-Jul-2025 21:39:23 UTC] Log de teste Axis - 2025-07-24 21:39:23
[24-Jul-2025 21:39:53 UTC] Log de teste Axis - 2025-07-24 21:39:53
[24-Jul-2025 21:39:54 UTC] [CJ_DEBUG] Resposta bruta da Melhor Envio: Array
(
    [0] => Array
        (
            [id] => 1
            [name] => PAC
            [company] => Array
                (
                    [id] => 1
                    [name] => Correios
                    [picture] => https://www.melhorenvio.com.br/images/shipping-companies/correios.png
                )

            [error] => Transportadora não atende este trecho.
        )

    [1] => Array
        (
            [id] => 2
            [name] => SEDEX
            [price] => 22.29
            [custom_price] => 22.29
            [discount] => 0.00
            [currency] => R$
            [delivery_time] => 2
            [delivery_range] => Array
                (
                    [min] => 1
                    [max] => 2
                )

            [custom_delivery_time] => 2
            [custom_delivery_range] => Array
                (
                    [min] => 1
                    [max] => 2
                )

            [packages] => Array
                (
                    [0] => Array
                        (
                            [price] => 22.29
                            [discount] => 0.00
                            [format] => box
                            [weight] => 3.50
                            [insurance_value] => 0.00
                            [dimensions] => Array
                                (
                                    [height] => 2
                                    [width] => 11
                                    [length] => 16
                                )

                        )

                )

            [additional_services] => Array
                (
                    [receipt] => 
                    [own_hand] => 
                    [collect] => 
                )

            [additional] => Array
                (
                    [unit] => Array
                        (
                            [price] => 0
                            [delivery] => 0
                        )

                )

            [company] => Array
                (
                    [id] => 1
                    [name] => Correios
                    [picture] => https://www.melhorenvio.com.br/images/shipping-companies/correios.png
                )

        )

    [2] => Array
        (
            [id] => 3
            [name] => .Package
            [price] => 19.44
            [custom_price] => 19.44
            [discount] => 0.00
            [currency] => R$
            [delivery_time] => 7
            [delivery_range] => Array
                (
                    [min] => 6
                    [max] => 7
                )

            [custom_delivery_time] => 7
            [custom_delivery_range] => Array
                (
                    [min] => 6
                    [max] => 7
                )

            [packages] => Array
                (
                    [0] => Array
                        (
                            [format] => box
                            [weight] => 3.50
                            [insurance_value] => 0.00
                            [dimensions] => Array
                                (
                                    [height] => 2
                                    [width] => 11
                                    [length] => 16
                                )

                        )

                )

            [additional_services] => Array
                (
                    [receipt] => 
                    [own_hand] => 
                    [collect] => 
                )

            [additional] => Array
                (
                    [unit] => Array
                        (
                            [price] => 0
                            [delivery] => 0
                        )

                )

            [company] => Array
                (
                    [id] => 2
                    [name] => Jadlog
                    [picture] => https://www.melhorenvio.com.br/images/shipping-companies/jadlog.png
                )

        )

    [3] => Array
        (
            [id] => 4
            [name] => .Com
            [price] => 19.78
            [custom_price] => 19.78
            [discount] => 0.00
            [currency] => R$
            [delivery_time] => 6
            [delivery_range] => Array
                (
                    [min] => 5
                    [max] => 6
                )

            [custom_delivery_time] => 6
            [custom_delivery_range] => Array
                (
                    [min] => 5
                    [max] => 6
                )

            [packages] => Array
                (
                    [0] => Array
                        (
                            [format] => box
                            [weight] => 3.50
                            [insurance_value] => 0.00
                            [dimensions] => Array
                                (
                                    [height] => 2
                                    [width] => 11
                                    [length] => 16
                                )

                        )

                )

            [additional_services] => Array
                (
                    [receipt] => 
                    [own_hand] => 
                    [collect] => 
                )

            [additional] => Array
                (
                    [unit] => Array
                        (
                            [price] => 0
                            [delivery] => 0
                        )

                )

            [company] => Array
                (
                    [id] => 2
                    [name] => Jadlog
                    [picture] => https://www.melhorenvio.com.br/images/shipping-companies/jadlog.png
                )

        )

    [4] => Array
        (
            [id] => 12
            [name] => éFácil
            [company] => Array
                (
                    [id] => 6
                    [name] => LATAM Cargo
                    [picture] => https://www.melhorenvio.com.br/images/shipping-companies/latamcargo.png
                )

            [error] => Transportadora não atende este trecho.
        )

    [5] => Array
        (
            [id] => 15
            [name] => Expresso
            [price] => 91.62
            [custom_price] => 91.62
            [discount] => 0.00
            [currency] => R$
            [delivery_time] => 4
            [delivery_range] => Array
                (
                    [min] => 3
                    [max] => 4
                )

            [custom_delivery_time] => 4
            [custom_delivery_range] => Array
                (
                    [min] => 3
                    [max] => 4
                )

            [packages] => Array
                (
                    [0] => Array
                        (
                            [format] => box
                            [weight] => 3.50
                            [insurance_value] => 0.00
                            [dimensions] => Array
                                (
                                    [height] => 15
                                    [width] => 15
                                    [length] => 16
                                )

                        )

                )

            [additional_services] => Array
                (
                    [receipt] => 
                    [own_hand] => 
                    [collect] => 
                )

            [additional] => Array
                (
                    [unit] => Array
                        (
                            [price] => 0
                            [delivery] => 0
                        )

                )

            [company] => Array
                (
                    [id] => 9
                    [name] => Azul Cargo Express
                    [picture] => https://www.melhorenvio.com.br/images/shipping-companies/azulcargo.png
                )

        )

    [6] => Array
        (
            [id] => 16
            [name] => e-commerce
            [price] => 85.83
            [custom_price] => 85.83
            [discount] => 0.00
            [currency] => R$
            [delivery_time] => 5
            [delivery_range] => Array
                (
                    [min] => 4
                    [max] => 5
                )

            [custom_delivery_time] => 5
            [custom_delivery_range] => Array
                (
                    [min] => 4
                    [max] => 5
                )

            [packages] => Array
                (
                    [0] => Array
                        (
                            [format] => box
                            [weight] => 3.50
                            [insurance_value] => 0.00
                            [dimensions] => Array
                                (
                                    [height] => 15
                                    [width] => 15
                                    [length] => 16
                                )

                        )

                )

            [additional_services] => Array
                (
                    [receipt] => 
                    [own_hand] => 
                    [collect] => 
                )

            [additional] => Array
                (
                    [unit] => Array
                        (
                            [price] => 0
                            [delivery] => 0
                        )

                )

            [company] => Array
                (
                    [id] => 9
                    [name] => Azul Cargo Express
                    [picture] => https://www.melhorenvio.com.br/images/shipping-companies/azulcargo.png
                )

        )

    [7] => Array
        (
            [id] => 17
            [name] => Mini Envios
            [company] => Array
                (
                    [id] => 1
                    [name] => Correios
                    [picture] => https://www.melhorenvio.com.br/images/shipping-companies/correios.png
                )

            [error] => Transportadora não atende este trecho.
        )

    [8] => Array
        (
            [id] => 22
            [name] => Rodoviário
            [company] => Array
                (
                    [id] => 12
                    [name] => Buslog
                    [picture] => https://www.melhorenvio.com.br/images/shipping-companies/buslog.png
                )

            [error] => Transportadora não atende este trecho.
        )

    [9] => Array
        (
            [id] => 27
            [name] => .Package Centralizado
            [price] => 21.40
            [custom_price] => 21.40
            [discount] => 0.00
            [currency] => R$
            [delivery_time] => 7
            [delivery_range] => Array
                (
                    [min] => 6
                    [max] => 7
                )

            [custom_delivery_time] => 7
            [custom_delivery_range] => Array
                (
                    [min] => 6
                    [max] => 7
                )

            [packages] => Array
                (
                    [0] => Array
                        (
                            [format] => box
                            [weight] => 3.50
                            [insurance_value] => 0.00
                            [dimensions] => Array
                                (
                                    [height] => 2
                                    [width] => 11
                                    [length] => 16
                                )

                        )

                )

            [additional_services] => Array
                (
                    [receipt] => 
                    [own_hand] => 
                    [collect] => 
                )

            [additional] => Array
                (
                    [unit] => Array
                        (
                            [price] => 0
                            [delivery] => 0
                        )

                )

            [company] => Array
                (
                    [id] => 2
                    [name] => Jadlog
                    [picture] => https://www.melhorenvio.com.br/images/shipping-companies/jadlog.png
                )

        )

    [10] => Array
        (
            [id] => 31
            [name] => Express
            [company] => Array
                (
                    [id] => 14
                    [name] => Loggi
                    [picture] => https://www.melhorenvio.com.br/images/shipping-companies/loggi.png
                )

            [error] => Transportadora não atende este trecho.
        )

    [11] => Array
        (
            [id] => 32
            [name] => Coleta
            [company] => Array
                (
                    [id] => 14
                    [name] => Loggi
                    [picture] => https://www.melhorenvio.com.br/images/shipping-companies/loggi.png
                )

            [error] => Transportadora não atende este trecho.
        )

    [12] => Array
        (
            [id] => 33
            [name] => Standard
            [company] => Array
                (
                    [id] => 15
                    [name] => JeT
                    [picture] => https://www.melhorenvio.com.br/images/shipping-companies/jet.png
                )

            [error] => Transportadora não atende este trecho.
        )

    [13] => Array
        (
            [id] => 34
            [name] => Loggi Ponto
            [company] => Array
                (
                    [id] => 14
                    [name] => Loggi
                    [picture] => https://www.melhorenvio.com.br/images/shipping-companies/loggi.png
                )

            [error] => Transportadora não atende este trecho.
        )

)

[24-Jul-2025 21:39:54 UTC] PHP Warning:  Undefined variable $response in /home/u344231864/domains/clickjumbo.com.br/public_html/wp/wp-content/plugins/clickjumbo-core/includes/validations/validate-shipping.php on line 96
[24-Jul-2025 21:41:08 UTC] Log de teste Axis - 2025-07-24 21:41:08
[24-Jul-2025 21:41:26 UTC] Log de teste Axis - 2025-07-24 21:41:26
[24-Jul-2025 21:42:06 UTC] Log de teste Axis - 2025-07-24 21:42:06
[24-Jul-2025 21:42:06 UTC] [CJ_DEBUG] Resposta bruta da Melhor Envio: Array
(
    [0] => Array
        (
            [id] => 1
            [name] => PAC
            [company] => Array
                (
                    [id] => 1
                    [name] => Correios
                    [picture] => https://www.melhorenvio.com.br/images/shipping-companies/correios.png
                )

            [error] => Transportadora não atende este trecho.
        )

    [1] => Array
        (
            [id] => 2
            [name] => SEDEX
            [price] => 22.29
            [custom_price] => 22.29
            [discount] => 0.00
            [currency] => R$
            [delivery_time] => 2
            [delivery_range] => Array
                (
                    [min] => 1
                    [max] => 2
                )

            [custom_delivery_time] => 2
            [custom_delivery_range] => Array
                (
                    [min] => 1
                    [max] => 2
                )

            [packages] => Array
                (
                    [0] => Array
                        (
                            [price] => 22.29
                            [discount] => 0.00
                            [format] => box
                            [weight] => 3.50
                            [insurance_value] => 0.00
                            [dimensions] => Array
                                (
                                    [height] => 2
                                    [width] => 11
                                    [length] => 16
                                )

                        )

                )

            [additional_services] => Array
                (
                    [receipt] => 
                    [own_hand] => 
                    [collect] => 
                )

            [additional] => Array
                (
                    [unit] => Array
                        (
                            [price] => 0
                            [delivery] => 0
                        )

                )

            [company] => Array
                (
                    [id] => 1
                    [name] => Correios
                    [picture] => https://www.melhorenvio.com.br/images/shipping-companies/correios.png
                )

        )

    [2] => Array
        (
            [id] => 3
            [name] => .Package
            [price] => 19.44
            [custom_price] => 19.44
            [discount] => 0.00
            [currency] => R$
            [delivery_time] => 7
            [delivery_range] => Array
                (
                    [min] => 6
                    [max] => 7
                )

            [custom_delivery_time] => 7
            [custom_delivery_range] => Array
                (
                    [min] => 6
                    [max] => 7
                )

            [packages] => Array
                (
                    [0] => Array
                        (
                            [format] => box
                            [weight] => 3.50
                            [insurance_value] => 0.00
                            [dimensions] => Array
                                (
                                    [height] => 2
                                    [width] => 11
                                    [length] => 16
                                )

                        )

                )

            [additional_services] => Array
                (
                    [receipt] => 
                    [own_hand] => 
                    [collect] => 
                )

            [additional] => Array
                (
                    [unit] => Array
                        (
                            [price] => 0
                            [delivery] => 0
                        )

                )

            [company] => Array
                (
                    [id] => 2
                    [name] => Jadlog
                    [picture] => https://www.melhorenvio.com.br/images/shipping-companies/jadlog.png
                )

        )

    [3] => Array
        (
            [id] => 4
            [name] => .Com
            [price] => 19.78
            [custom_price] => 19.78
            [discount] => 0.00
            [currency] => R$
            [delivery_time] => 6
            [delivery_range] => Array
                (
                    [min] => 5
                    [max] => 6
                )

            [custom_delivery_time] => 6
            [custom_delivery_range] => Array
                (
                    [min] => 5
                    [max] => 6
                )

            [packages] => Array
                (
                    [0] => Array
                        (
                            [format] => box
                            [weight] => 3.50
                            [insurance_value] => 0.00
                            [dimensions] => Array
                                (
                                    [height] => 2
                                    [width] => 11
                                    [length] => 16
                                )

                        )

                )

            [additional_services] => Array
                (
                    [receipt] => 
                    [own_hand] => 
                    [collect] => 
                )

            [additional] => Array
                (
                    [unit] => Array
                        (
                            [price] => 0
                            [delivery] => 0
                        )

                )

            [company] => Array
                (
                    [id] => 2
                    [name] => Jadlog
                    [picture] => https://www.melhorenvio.com.br/images/shipping-companies/jadlog.png
                )

        )

    [4] => Array
        (
            [id] => 12
            [name] => éFácil
            [company] => Array
                (
                    [id] => 6
                    [name] => LATAM Cargo
                    [picture] => https://www.melhorenvio.com.br/images/shipping-companies/latamcargo.png
                )

            [error] => Transportadora não atende este trecho.
        )

    [5] => Array
        (
            [id] => 15
            [name] => Expresso
            [price] => 91.62
            [custom_price] => 91.62
            [discount] => 0.00
            [currency] => R$
            [delivery_time] => 4
            [delivery_range] => Array
                (
                    [min] => 3
                    [max] => 4
                )

            [custom_delivery_time] => 4
            [custom_delivery_range] => Array
                (
                    [min] => 3
                    [max] => 4
                )

            [packages] => Array
                (
                    [0] => Array
                        (
                            [format] => box
                            [weight] => 3.50
                            [insurance_value] => 0.00
                            [dimensions] => Array
                                (
                                    [height] => 15
                                    [width] => 15
                                    [length] => 16
                                )

                        )

                )

            [additional_services] => Array
                (
                    [receipt] => 
                    [own_hand] => 
                    [collect] => 
                )

            [additional] => Array
                (
                    [unit] => Array
                        (
                            [price] => 0
                            [delivery] => 0
                        )

                )

            [company] => Array
                (
                    [id] => 9
                    [name] => Azul Cargo Express
                    [picture] => https://www.melhorenvio.com.br/images/shipping-companies/azulcargo.png
                )

        )

    [6] => Array
        (
            [id] => 16
            [name] => e-commerce
            [price] => 85.83
            [custom_price] => 85.83
            [discount] => 0.00
            [currency] => R$
            [delivery_time] => 5
            [delivery_range] => Array
                (
                    [min] => 4
                    [max] => 5
                )

            [custom_delivery_time] => 5
            [custom_delivery_range] => Array
                (
                    [min] => 4
                    [max] => 5
                )

            [packages] => Array
                (
                    [0] => Array
                        (
                            [format] => box
                            [weight] => 3.50
                            [insurance_value] => 0.00
                            [dimensions] => Array
                                (
                                    [height] => 15
                                    [width] => 15
                                    [length] => 16
                                )

                        )

                )

            [additional_services] => Array
                (
                    [receipt] => 
                    [own_hand] => 
                    [collect] => 
                )

            [additional] => Array
                (
                    [unit] => Array
                        (
                            [price] => 0
                            [delivery] => 0
                        )

                )

            [company] => Array
                (
                    [id] => 9
                    [name] => Azul Cargo Express
                    [picture] => https://www.melhorenvio.com.br/images/shipping-companies/azulcargo.png
                )

        )

    [7] => Array
        (
            [id] => 17
            [name] => Mini Envios
            [company] => Array
                (
                    [id] => 1
                    [name] => Correios
                    [picture] => https://www.melhorenvio.com.br/images/shipping-companies/correios.png
                )

            [error] => Transportadora não atende este trecho.
        )

    [8] => Array
        (
            [id] => 22
            [name] => Rodoviário
            [company] => Array
                (
                    [id] => 12
                    [name] => Buslog
                    [picture] => https://www.melhorenvio.com.br/images/shipping-companies/buslog.png
                )

            [error] => Transportadora não atende este trecho.
        )

    [9] => Array
        (
            [id] => 27
            [name] => .Package Centralizado
            [price] => 21.40
            [custom_price] => 21.40
            [discount] => 0.00
            [currency] => R$
            [delivery_time] => 7
            [delivery_range] => Array
                (
                    [min] => 6
                    [max] => 7
                )

            [custom_delivery_time] => 7
            [custom_delivery_range] => Array
                (
                    [min] => 6
                    [max] => 7
                )

            [packages] => Array
                (
                    [0] => Array
                        (
                            [format] => box
                            [weight] => 3.50
                            [insurance_value] => 0.00
                            [dimensions] => Array
                                (
                                    [height] => 2
                                    [width] => 11
                                    [length] => 16
                                )

                        )

                )

            [additional_services] => Array
                (
                    [receipt] => 
                    [own_hand] => 
                    [collect] => 
                )

            [additional] => Array
                (
                    [unit] => Array
                        (
                            [price] => 0
                            [delivery] => 0
                        )

                )

            [company] => Array
                (
                    [id] => 2
                    [name] => Jadlog
                    [picture] => https://www.melhorenvio.com.br/images/shipping-companies/jadlog.png
                )

        )

    [10] => Array
        (
            [id] => 31
            [name] => Express
            [company] => Array
                (
                    [id] => 14
                    [name] => Loggi
                    [picture] => https://www.melhorenvio.com.br/images/shipping-companies/loggi.png
                )

            [error] => Transportadora não atende este trecho.
        )

    [11] => Array
        (
            [id] => 32
            [name] => Coleta
            [company] => Array
                (
                    [id] => 14
                    [name] => Loggi
                    [picture] => https://www.melhorenvio.com.br/images/shipping-companies/loggi.png
                )

            [error] => Transportadora não atende este trecho.
        )

    [12] => Array
        (
            [id] => 33
            [name] => Standard
            [company] => Array
                (
                    [id] => 15
                    [name] => JeT
                    [picture] => https://www.melhorenvio.com.br/images/shipping-companies/jet.png
                )

            [error] => Transportadora não atende este trecho.
        )

    [13] => Array
        (
            [id] => 34
            [name] => Loggi Ponto
            [company] => Array
                (
                    [id] => 14
                    [name] => Loggi
                    [picture] => https://www.melhorenvio.com.br/images/shipping-companies/loggi.png
                )

            [error] => Transportadora não atende este trecho.
        )

)

[24-Jul-2025 21:42:06 UTC] PHP Warning:  Undefined variable $response in /home/u344231864/domains/clickjumbo.com.br/public_html/wp/wp-content/plugins/clickjumbo-core/includes/validations/validate-shipping.php on line 96
[24-Jul-2025 21:42:49 UTC] Log de teste Axis - 2025-07-24 21:42:49
[24-Jul-2025 21:42:50 UTC] [CJ_DEBUG] Resposta bruta da Melhor Envio: Array
(
    [0] => Array
        (
            [id] => 1
            [name] => PAC
            [company] => Array
                (
                    [id] => 1
                    [name] => Correios
                    [picture] => https://www.melhorenvio.com.br/images/shipping-companies/correios.png
                )

            [error] => Transportadora não atende este trecho.
        )

    [1] => Array
        (
            [id] => 2
            [name] => SEDEX
            [price] => 22.29
            [custom_price] => 22.29
            [discount] => 0.00
            [currency] => R$
            [delivery_time] => 2
            [delivery_range] => Array
                (
                    [min] => 1
                    [max] => 2
                )

            [custom_delivery_time] => 2
            [custom_delivery_range] => Array
                (
                    [min] => 1
                    [max] => 2
                )

            [packages] => Array
                (
                    [0] => Array
                        (
                            [price] => 22.29
                            [discount] => 0.00
                            [format] => box
                            [weight] => 3.50
                            [insurance_value] => 0.00
                            [dimensions] => Array
                                (
                                    [height] => 2
                                    [width] => 11
                                    [length] => 16
                                )

                        )

                )

            [additional_services] => Array
                (
                    [receipt] => 
                    [own_hand] => 
                    [collect] => 
                )

            [additional] => Array
                (
                    [unit] => Array
                        (
                            [price] => 0
                            [delivery] => 0
                        )

                )

            [company] => Array
                (
                    [id] => 1
                    [name] => Correios
                    [picture] => https://www.melhorenvio.com.br/images/shipping-companies/correios.png
                )

        )

    [2] => Array
        (
            [id] => 3
            [name] => .Package
            [price] => 19.44
            [custom_price] => 19.44
            [discount] => 0.00
            [currency] => R$
            [delivery_time] => 7
            [delivery_range] => Array
                (
                    [min] => 6
                    [max] => 7
                )

            [custom_delivery_time] => 7
            [custom_delivery_range] => Array
                (
                    [min] => 6
                    [max] => 7
                )

            [packages] => Array
                (
                    [0] => Array
                        (
                            [format] => box
                            [weight] => 3.50
                            [insurance_value] => 0.00
                            [dimensions] => Array
                                (
                                    [height] => 2
                                    [width] => 11
                                    [length] => 16
                                )

                        )

                )

            [additional_services] => Array
                (
                    [receipt] => 
                    [own_hand] => 
                    [collect] => 
                )

            [additional] => Array
                (
                    [unit] => Array
                        (
                            [price] => 0
                            [delivery] => 0
                        )

                )

            [company] => Array
                (
                    [id] => 2
                    [name] => Jadlog
                    [picture] => https://www.melhorenvio.com.br/images/shipping-companies/jadlog.png
                )

        )

    [3] => Array
        (
            [id] => 4
            [name] => .Com
            [price] => 19.78
            [custom_price] => 19.78
            [discount] => 0.00
            [currency] => R$
            [delivery_time] => 6
            [delivery_range] => Array
                (
                    [min] => 5
                    [max] => 6
                )

            [custom_delivery_time] => 6
            [custom_delivery_range] => Array
                (
                    [min] => 5
                    [max] => 6
                )

            [packages] => Array
                (
                    [0] => Array
                        (
                            [format] => box
                            [weight] => 3.50
                            [insurance_value] => 0.00
                            [dimensions] => Array
                                (
                                    [height] => 2
                                    [width] => 11
                                    [length] => 16
                                )

                        )

                )

            [additional_services] => Array
                (
                    [receipt] => 
                    [own_hand] => 
                    [collect] => 
                )

            [additional] => Array
                (
                    [unit] => Array
                        (
                            [price] => 0
                            [delivery] => 0
                        )

                )

            [company] => Array
                (
                    [id] => 2
                    [name] => Jadlog
                    [picture] => https://www.melhorenvio.com.br/images/shipping-companies/jadlog.png
                )

        )

    [4] => Array
        (
            [id] => 12
            [name] => éFácil
            [company] => Array
                (
                    [id] => 6
                    [name] => LATAM Cargo
                    [picture] => https://www.melhorenvio.com.br/images/shipping-companies/latamcargo.png
                )

            [error] => Transportadora não atende este trecho.
        )

    [5] => Array
        (
            [id] => 15
            [name] => Expresso
            [price] => 91.62
            [custom_price] => 91.62
            [discount] => 0.00
            [currency] => R$
            [delivery_time] => 4
            [delivery_range] => Array
                (
                    [min] => 3
                    [max] => 4
                )

            [custom_delivery_time] => 4
            [custom_delivery_range] => Array
                (
                    [min] => 3
                    [max] => 4
                )

            [packages] => Array
                (
                    [0] => Array
                        (
                            [format] => box
                            [weight] => 3.50
                            [insurance_value] => 0.00
                            [dimensions] => Array
                                (
                                    [height] => 15
                                    [width] => 15
                                    [length] => 16
                                )

                        )

                )

            [additional_services] => Array
                (
                    [receipt] => 
                    [own_hand] => 
                    [collect] => 
                )

            [additional] => Array
                (
                    [unit] => Array
                        (
                            [price] => 0
                            [delivery] => 0
                        )

                )

            [company] => Array
                (
                    [id] => 9
                    [name] => Azul Cargo Express
                    [picture] => https://www.melhorenvio.com.br/images/shipping-companies/azulcargo.png
                )

        )

    [6] => Array
        (
            [id] => 16
            [name] => e-commerce
            [price] => 85.83
            [custom_price] => 85.83
            [discount] => 0.00
            [currency] => R$
            [delivery_time] => 5
            [delivery_range] => Array
                (
                    [min] => 4
                    [max] => 5
                )

            [custom_delivery_time] => 5
            [custom_delivery_range] => Array
                (
                    [min] => 4
                    [max] => 5
                )

            [packages] => Array
                (
                    [0] => Array
                        (
                            [format] => box
                            [weight] => 3.50
                            [insurance_value] => 0.00
                            [dimensions] => Array
                                (
                                    [height] => 15
                                    [width] => 15
                                    [length] => 16
                                )

                        )

                )

            [additional_services] => Array
                (
                    [receipt] => 
                    [own_hand] => 
                    [collect] => 
                )

            [additional] => Array
                (
                    [unit] => Array
                        (
                            [price] => 0
                            [delivery] => 0
                        )

                )

            [company] => Array
                (
                    [id] => 9
                    [name] => Azul Cargo Express
                    [picture] => https://www.melhorenvio.com.br/images/shipping-companies/azulcargo.png
                )

        )

    [7] => Array
        (
            [id] => 17
            [name] => Mini Envios
            [company] => Array
                (
                    [id] => 1
                    [name] => Correios
                    [picture] => https://www.melhorenvio.com.br/images/shipping-companies/correios.png
                )

            [error] => Transportadora não atende este trecho.
        )

    [8] => Array
        (
            [id] => 22
            [name] => Rodoviário
            [company] => Array
                (
                    [id] => 12
                    [name] => Buslog
                    [picture] => https://www.melhorenvio.com.br/images/shipping-companies/buslog.png
                )

            [error] => Transportadora não atende este trecho.
        )

    [9] => Array
        (
            [id] => 27
            [name] => .Package Centralizado
            [price] => 21.40
            [custom_price] => 21.40
            [discount] => 0.00
            [currency] => R$
            [delivery_time] => 7
            [delivery_range] => Array
                (
                    [min] => 6
                    [max] => 7
                )

            [custom_delivery_time] => 7
            [custom_delivery_range] => Array
                (
                    [min] => 6
                    [max] => 7
                )

            [packages] => Array
                (
                    [0] => Array
                        (
                            [format] => box
                            [weight] => 3.50
                            [insurance_value] => 0.00
                            [dimensions] => Array
                                (
                                    [height] => 2
                                    [width] => 11
                                    [length] => 16
                                )

                        )

                )

            [additional_services] => Array
                (
                    [receipt] => 
                    [own_hand] => 
                    [collect] => 
                )

            [additional] => Array
                (
                    [unit] => Array
                        (
                            [price] => 0
                            [delivery] => 0
                        )

                )

            [company] => Array
                (
                    [id] => 2
                    [name] => Jadlog
                    [picture] => https://www.melhorenvio.com.br/images/shipping-companies/jadlog.png
                )

        )

    [10] => Array
        (
            [id] => 31
            [name] => Express
            [company] => Array
                (
                    [id] => 14
                    [name] => Loggi
                    [picture] => https://www.melhorenvio.com.br/images/shipping-companies/loggi.png
                )

            [error] => Transportadora não atende este trecho.
        )

    [11] => Array
        (
            [id] => 32
            [name] => Coleta
            [company] => Array
                (
                    [id] => 14
                    [name] => Loggi
                    [picture] => https://www.melhorenvio.com.br/images/shipping-companies/loggi.png
                )

            [error] => Transportadora não atende este trecho.
        )

    [12] => Array
        (
            [id] => 33
            [name] => Standard
            [company] => Array
                (
                    [id] => 15
                    [name] => JeT
                    [picture] => https://www.melhorenvio.com.br/images/shipping-companies/jet.png
                )

            [error] => Transportadora não atende este trecho.
        )

    [13] => Array
        (
            [id] => 34
            [name] => Loggi Ponto
            [company] => Array
                (
                    [id] => 14
                    [name] => Loggi
                    [picture] => https://www.melhorenvio.com.br/images/shipping-companies/loggi.png
                )

            [error] => Transportadora não atende este trecho.
        )

)

[24-Jul-2025 21:42:50 UTC] PHP Warning:  Undefined variable $response in /home/u344231864/domains/clickjumbo.com.br/public_html/wp/wp-content/plugins/clickjumbo-core/includes/validations/validate-shipping.php on line 96
[24-Jul-2025 22:08:00 UTC] [CJ_DEBUG] Resposta bruta da Melhor Envio: Array
(
    [0] => Array
        (
            [id] => 1
            [name] => PAC
            [price] => 75.54
            [custom_price] => 75.54
            [discount] => 0.00
            [currency] => R$
            [delivery_time] => 7
            [delivery_range] => Array
                (
                    [min] => 6
                    [max] => 7
                )

            [custom_delivery_time] => 7
            [custom_delivery_range] => Array
                (
                    [min] => 6
                    [max] => 7
                )

            [packages] => Array
                (
                    [0] => Array
                        (
                            [price] => 75.54
                            [discount] => 0.00
                            [format] => box
                            [weight] => 13.00
                            [insurance_value] => 0.00
                            [dimensions] => Array
                                (
                                    [height] => 10
                                    [width] => 15
                                    [length] => 25
                                )

                        )

                )

            [additional_services] => Array
                (
                    [receipt] => 
                    [own_hand] => 
                    [collect] => 
                )

            [additional] => Array
                (
                    [unit] => Array
                        (
                            [price] => 0
                            [delivery] => 0
                        )

                )

            [company] => Array
                (
                    [id] => 1
                    [name] => Correios
                    [picture] => https://www.melhorenvio.com.br/images/shipping-companies/correios.png
                )

        )

    [1] => Array
        (
            [id] => 2
            [name] => SEDEX
            [price] => 138.02
            [custom_price] => 138.02
            [discount] => 0.00
            [currency] => R$
            [delivery_time] => 3
            [delivery_range] => Array
                (
                    [min] => 2
                    [max] => 3
                )

            [custom_delivery_time] => 3
            [custom_delivery_range] => Array
                (
                    [min] => 2
                    [max] => 3
                )

            [packages] => Array
                (
                    [0] => Array
                        (
                            [price] => 138.02
                            [discount] => 0.00
                            [format] => box
                            [weight] => 13.00
                            [insurance_value] => 0.00
                            [dimensions] => Array
                                (
                                    [height] => 10
                                    [width] => 15
                                    [length] => 25
                                )

                        )

                )

            [additional_services] => Array
                (
                    [receipt] => 
                    [own_hand] => 
                    [collect] => 
                )

            [additional] => Array
                (
                    [unit] => Array
                        (
                            [price] => 0
                            [delivery] => 0
                        )

                )

            [company] => Array
                (
                    [id] => 1
                    [name] => Correios
                    [picture] => https://www.melhorenvio.com.br/images/shipping-companies/correios.png
                )

        )

    [2] => Array
        (
            [id] => 3
            [name] => .Package
            [price] => 49.74
            [custom_price] => 49.74
            [discount] => 0.00
            [currency] => R$
            [delivery_time] => 7
            [delivery_range] => Array
                (
                    [min] => 6
                    [max] => 7
                )

            [custom_delivery_time] => 7
            [custom_delivery_range] => Array
                (
                    [min] => 6
                    [max] => 7
                )

            [packages] => Array
                (
                    [0] => Array
                        (
                            [format] => box
                            [weight] => 13.00
                            [insurance_value] => 0.00
                            [dimensions] => Array
                                (
                                    [height] => 10
                                    [width] => 15
                                    [length] => 25
                                )

                        )

                )

            [additional_services] => Array
                (
                    [receipt] => 
                    [own_hand] => 
                    [collect] => 
                )

            [additional] => Array
                (
                    [unit] => Array
                        (
                            [price] => 0
                            [delivery] => 0
                        )

                )

            [company] => Array
                (
                    [id] => 2
                    [name] => Jadlog
                    [picture] => https://www.melhorenvio.com.br/images/shipping-companies/jadlog.png
                )

        )

    [3] => Array
        (
            [id] => 4
            [name] => .Com
            [price] => 62.41
            [custom_price] => 62.41
            [discount] => 0.00
            [currency] => R$
            [delivery_time] => 5
            [delivery_range] => Array
                (
                    [min] => 4
                    [max] => 5
                )

            [custom_delivery_time] => 5
            [custom_delivery_range] => Array
                (
                    [min] => 4
                    [max] => 5
                )

            [packages] => Array
                (
                    [0] => Array
                        (
                            [format] => box
                            [weight] => 13.00
                            [insurance_value] => 0.00
                            [dimensions] => Array
                                (
                                    [height] => 10
                                    [width] => 15
                                    [length] => 25
                                )

                        )

                )

            [additional_services] => Array
                (
                    [receipt] => 
                    [own_hand] => 
                    [collect] => 
                )

            [additional] => Array
                (
                    [unit] => Array
                        (
                            [price] => 0
                            [delivery] => 0
                        )

                )

            [company] => Array
                (
                    [id] => 2
                    [name] => Jadlog
                    [picture] => https://www.melhorenvio.com.br/images/shipping-companies/jadlog.png
                )

        )

    [4] => Array
        (
            [id] => 12
            [name] => éFácil
            [company] => Array
                (
                    [id] => 6
                    [name] => LATAM Cargo
                    [picture] => https://www.melhorenvio.com.br/images/shipping-companies/latamcargo.png
                )

            [error] => Transportadora não atende este trecho.
        )

    [5] => Array
        (
            [id] => 15
            [name] => Expresso
            [price] => 95.90
            [custom_price] => 95.90
            [discount] => 0.00
            [currency] => R$
            [delivery_time] => 3
            [delivery_range] => Array
                (
                    [min] => 2
                    [max] => 3
                )

            [custom_delivery_time] => 3
            [custom_delivery_range] => Array
                (
                    [min] => 2
                    [max] => 3
                )

            [packages] => Array
                (
                    [0] => Array
                        (
                            [format] => box
                            [weight] => 13.00
                            [insurance_value] => 0.00
                            [dimensions] => Array
                                (
                                    [height] => 15
                                    [width] => 15
                                    [length] => 25
                                )

                        )

                )

            [additional_services] => Array
                (
                    [receipt] => 
                    [own_hand] => 
                    [collect] => 
                )

            [additional] => Array
                (
                    [unit] => Array
                        (
                            [price] => 0
                            [delivery] => 0
                        )

                )

            [company] => Array
                (
                    [id] => 9
                    [name] => Azul Cargo Express
                    [picture] => https://www.melhorenvio.com.br/images/shipping-companies/azulcargo.png
                )

        )

    [6] => Array
        (
            [id] => 16
            [name] => e-commerce
            [price] => 69.89
            [custom_price] => 69.89
            [discount] => 0.00
            [currency] => R$
            [delivery_time] => 4
            [delivery_range] => Array
                (
                    [min] => 3
                    [max] => 4
                )

            [custom_delivery_time] => 4
            [custom_delivery_range] => Array
                (
                    [min] => 3
                    [max] => 4
                )

            [packages] => Array
                (
                    [0] => Array
                        (
                            [format] => box
                            [weight] => 13.00
                            [insurance_value] => 0.00
                            [dimensions] => Array
                                (
                                    [height] => 15
                                    [width] => 15
                                    [length] => 25
                                )

                        )

                )

            [additional_services] => Array
                (
                    [receipt] => 
                    [own_hand] => 
                    [collect] => 
                )

            [additional] => Array
                (
                    [unit] => Array
                        (
                            [price] => 0
                            [delivery] => 0
                        )

                )

            [company] => Array
                (
                    [id] => 9
                    [name] => Azul Cargo Express
                    [picture] => https://www.melhorenvio.com.br/images/shipping-companies/azulcargo.png
                )

        )

    [7] => Array
        (
            [id] => 17
            [name] => Mini Envios
            [company] => Array
                (
                    [id] => 1
                    [name] => Correios
                    [picture] => https://www.melhorenvio.com.br/images/shipping-companies/correios.png
                )

            [error] => Dimensões do objeto ultrapassam o limite da transportadora.
        )

    [8] => Array
        (
            [id] => 22
            [name] => Rodoviário
            [price] => 50.44
            [custom_price] => 50.44
            [discount] => 0.00
            [currency] => R$
            [delivery_time] => 3
            [delivery_range] => Array
                (
                    [min] => 2
                    [max] => 3
                )

            [custom_delivery_time] => 3
            [custom_delivery_range] => Array
                (
                    [min] => 2
                    [max] => 3
                )

            [packages] => Array
                (
                    [0] => Array
                        (
                            [format] => box
                            [weight] => 13.00
                            [insurance_value] => 0.00
                            [dimensions] => Array
                                (
                                    [height] => 10
                                    [width] => 15
                                    [length] => 25
                                )

                        )

                )

            [additional_services] => Array
                (
                    [receipt] => 
                    [own_hand] => 
                    [collect] => 
                )

            [additional] => Array
                (
                    [unit] => Array
                        (
                            [price] => 0
                            [delivery] => 0
                        )

                )

            [company] => Array
                (
                    [id] => 12
                    [name] => Buslog
                    [picture] => https://www.melhorenvio.com.br/images/shipping-companies/buslog.png
                )

        )

    [9] => Array
        (
            [id] => 27
            [name] => .Package Centralizado
            [price] => 52.29
            [custom_price] => 52.29
            [discount] => 0.00
            [currency] => R$
            [delivery_time] => 7
            [delivery_range] => Array
                (
                    [min] => 6
                    [max] => 7
                )

            [custom_delivery_time] => 7
            [custom_delivery_range] => Array
                (
                    [min] => 6
                    [max] => 7
                )

            [packages] => Array
                (
                    [0] => Array
                        (
                            [format] => box
                            [weight] => 13.00
                            [insurance_value] => 0.00
                            [dimensions] => Array
                                (
                                    [height] => 10
                                    [width] => 15
                                    [length] => 25
                                )

                        )

                )

            [additional_services] => Array
                (
                    [receipt] => 
                    [own_hand] => 
                    [collect] => 
                )

            [additional] => Array
                (
                    [unit] => Array
                        (
                            [price] => 0
                            [delivery] => 0
                        )

                )

            [company] => Array
                (
                    [id] => 2
                    [name] => Jadlog
                    [picture] => https://www.melhorenvio.com.br/images/shipping-companies/jadlog.png
                )

        )

    [10] => Array
        (
            [id] => 31
            [name] => Express
            [price] => 70.64
            [custom_price] => 70.64
            [discount] => 0.00
            [currency] => R$
            [delivery_time] => 4
            [delivery_range] => Array
                (
                    [min] => 3
                    [max] => 4
                )

            [custom_delivery_time] => 4
            [custom_delivery_range] => Array
                (
                    [min] => 3
                    [max] => 4
                )

            [packages] => Array
                (
                    [0] => Array
                        (
                            [price] => 70.64
                            [discount] => 0.00
                            [format] => box
                            [weight] => 13.00
                            [insurance_value] => 1.00
                            [dimensions] => Array
                                (
                                    [height] => 10
                                    [width] => 15
                                    [length] => 25
                                )

                        )

                )

            [additional_services] => Array
                (
                    [receipt] => 
                    [own_hand] => 
                    [collect] => 
                )

            [additional] => Array
                (
                    [unit] => Array
                        (
                            [price] => 0
                            [delivery] => 0
                        )

                )

            [company] => Array
                (
                    [id] => 14
                    [name] => Loggi
                    [picture] => https://www.melhorenvio.com.br/images/shipping-companies/loggi.png
                )

        )

    [11] => Array
        (
            [id] => 32
            [name] => Coleta
            [price] => 85.27
            [custom_price] => 85.27
            [discount] => 0.00
            [currency] => R$
            [delivery_time] => 5
            [delivery_range] => Array
                (
                    [min] => 4
                    [max] => 5
                )

            [custom_delivery_time] => 5
            [custom_delivery_range] => Array
                (
                    [min] => 4
                    [max] => 5
                )

            [packages] => Array
                (
                    [0] => Array
                        (
                            [price] => 85.27
                            [discount] => 0.00
                            [format] => box
                            [weight] => 13.00
                            [insurance_value] => 1.00
                            [dimensions] => Array
                                (
                                    [height] => 10
                                    [width] => 15
                                    [length] => 25
                                )

                        )

                )

            [additional_services] => Array
                (
                    [receipt] => 
                    [own_hand] => 
                    [collect] => 
                )

            [additional] => Array
                (
                    [unit] => Array
                        (
                            [price] => 0
                            [delivery] => 0
                        )

                )

            [company] => Array
                (
                    [id] => 14
                    [name] => Loggi
                    [picture] => https://www.melhorenvio.com.br/images/shipping-companies/loggi.png
                )

        )

    [12] => Array
        (
            [id] => 33
            [name] => Standard
            [price] => 59.66
            [custom_price] => 59.66
            [discount] => 0.00
            [currency] => R$
            [delivery_time] => 5
            [delivery_range] => Array
                (
                    [min] => 4
                    [max] => 5
                )

            [custom_delivery_time] => 5
            [custom_delivery_range] => Array
                (
                    [min] => 4
                    [max] => 5
                )

            [packages] => Array
                (
                    [0] => Array
                        (
                            [price] => 59.66
                            [discount] => 0.00
                            [format] => box
                            [weight] => 13.00
                            [insurance_value] => 0.00
                            [dimensions] => Array
                                (
                                    [height] => 10
                                    [width] => 15
                                    [length] => 25
                                )

                        )

                )

            [additional_services] => Array
                (
                    [receipt] => 
                    [own_hand] => 
                    [collect] => 
                )

            [additional] => Array
                (
                    [unit] => Array
                        (
                            [price] => 0
                            [delivery] => 0
                        )

                )

            [company] => Array
                (
                    [id] => 15
                    [name] => JeT
                    [picture] => https://www.melhorenvio.com.br/images/shipping-companies/jet.png
                )

        )

    [13] => Array
        (
            [id] => 34
            [name] => Loggi Ponto
            [price] => 62.31
            [custom_price] => 62.31
            [discount] => 0.00
            [currency] => R$
            [delivery_time] => 5
            [delivery_range] => Array
                (
                    [min] => 4
                    [max] => 5
                )

            [custom_delivery_time] => 5
            [custom_delivery_range] => Array
                (
                    [min] => 4
                    [max] => 5
                )

            [packages] => Array
                (
                    [0] => Array
                        (
                            [price] => 62.31
                            [discount] => 0.00
                            [format] => box
                            [weight] => 13.00
                            [insurance_value] => 1.00
                            [dimensions] => Array
                                (
                                    [height] => 10
                                    [width] => 15
                                    [length] => 25
                                )

                        )

                )

            [additional_services] => Array
                (
                    [receipt] => 
                    [own_hand] => 
                    [collect] => 
                )

            [additional] => Array
                (
                    [unit] => Array
                        (
                            [price] => 0
                            [delivery] => 0
                        )

                )

            [company] => Array
                (
                    [id] => 14
                    [name] => Loggi
                    [picture] => https://www.melhorenvio.com.br/images/shipping-companies/loggi.png
                )

        )

)

[24-Jul-2025 22:54:57 UTC] Log de teste Axis - 2025-07-24 22:54:57
[24-Jul-2025 22:54:57 UTC] [CJ_DEBUG] Resposta bruta da Melhor Envio: Array
(
    [0] => Array
        (
            [id] => 1
            [name] => PAC
            [company] => Array
                (
                    [id] => 1
                    [name] => Correios
                    [picture] => https://www.melhorenvio.com.br/images/shipping-companies/correios.png
                )

            [error] => Transportadora não atende este trecho.
        )

    [1] => Array
        (
            [id] => 2
            [name] => SEDEX
            [price] => 22.29
            [custom_price] => 22.29
            [discount] => 0.00
            [currency] => R$
            [delivery_time] => 2
            [delivery_range] => Array
                (
                    [min] => 1
                    [max] => 2
                )

            [custom_delivery_time] => 2
            [custom_delivery_range] => Array
                (
                    [min] => 1
                    [max] => 2
                )

            [packages] => Array
                (
                    [0] => Array
                        (
                            [price] => 22.29
                            [discount] => 0.00
                            [format] => box
                            [weight] => 3.50
                            [insurance_value] => 0.00
                            [dimensions] => Array
                                (
                                    [height] => 2
                                    [width] => 11
                                    [length] => 16
                                )

                        )

                )

            [additional_services] => Array
                (
                    [receipt] => 
                    [own_hand] => 
                    [collect] => 
                )

            [additional] => Array
                (
                    [unit] => Array
                        (
                            [price] => 0
                            [delivery] => 0
                        )

                )

            [company] => Array
                (
                    [id] => 1
                    [name] => Correios
                    [picture] => https://www.melhorenvio.com.br/images/shipping-companies/correios.png
                )

        )

    [2] => Array
        (
            [id] => 3
            [name] => .Package
            [price] => 19.44
            [custom_price] => 19.44
            [discount] => 0.00
            [currency] => R$
            [delivery_time] => 7
            [delivery_range] => Array
                (
                    [min] => 6
                    [max] => 7
                )

            [custom_delivery_time] => 7
            [custom_delivery_range] => Array
                (
                    [min] => 6
                    [max] => 7
                )

            [packages] => Array
                (
                    [0] => Array
                        (
                            [format] => box
                            [weight] => 3.50
                            [insurance_value] => 0.00
                            [dimensions] => Array
                                (
                                    [height] => 2
                                    [width] => 11
                                    [length] => 16
                                )

                        )

                )

            [additional_services] => Array
                (
                    [receipt] => 
                    [own_hand] => 
                    [collect] => 
                )

            [additional] => Array
                (
                    [unit] => Array
                        (
                            [price] => 0
                            [delivery] => 0
                        )

                )

            [company] => Array
                (
                    [id] => 2
                    [name] => Jadlog
                    [picture] => https://www.melhorenvio.com.br/images/shipping-companies/jadlog.png
                )

        )

    [3] => Array
        (
            [id] => 4
            [name] => .Com
            [price] => 19.78
            [custom_price] => 19.78
            [discount] => 0.00
            [currency] => R$
            [delivery_time] => 6
            [delivery_range] => Array
                (
                    [min] => 5
                    [max] => 6
                )

            [custom_delivery_time] => 6
            [custom_delivery_range] => Array
                (
                    [min] => 5
                    [max] => 6
                )

            [packages] => Array
                (
                    [0] => Array
                        (
                            [format] => box
                            [weight] => 3.50
                            [insurance_value] => 0.00
                            [dimensions] => Array
                                (
                                    [height] => 2
                                    [width] => 11
                                    [length] => 16
                                )

                        )

                )

            [additional_services] => Array
                (
                    [receipt] => 
                    [own_hand] => 
                    [collect] => 
                )

            [additional] => Array
                (
                    [unit] => Array
                        (
                            [price] => 0
                            [delivery] => 0
                        )

                )

            [company] => Array
                (
                    [id] => 2
                    [name] => Jadlog
                    [picture] => https://www.melhorenvio.com.br/images/shipping-companies/jadlog.png
                )

        )

    [4] => Array
        (
            [id] => 12
            [name] => éFácil
            [company] => Array
                (
                    [id] => 6
                    [name] => LATAM Cargo
                    [picture] => https://www.melhorenvio.com.br/images/shipping-companies/latamcargo.png
                )

            [error] => Transportadora não atende este trecho.
        )

    [5] => Array
        (
            [id] => 15
            [name] => Expresso
            [price] => 91.62
            [custom_price] => 91.62
            [discount] => 0.00
            [currency] => R$
            [delivery_time] => 4
            [delivery_range] => Array
                (
                    [min] => 3
                    [max] => 4
                )

            [custom_delivery_time] => 4
            [custom_delivery_range] => Array
                (
                    [min] => 3
                    [max] => 4
                )

            [packages] => Array
                (
                    [0] => Array
                        (
                            [format] => box
                            [weight] => 3.50
                            [insurance_value] => 0.00
                            [dimensions] => Array
                                (
                                    [height] => 15
                                    [width] => 15
                                    [length] => 16
                                )

                        )

                )

            [additional_services] => Array
                (
                    [receipt] => 
                    [own_hand] => 
                    [collect] => 
                )

            [additional] => Array
                (
                    [unit] => Array
                        (
                            [price] => 0
                            [delivery] => 0
                        )

                )

            [company] => Array
                (
                    [id] => 9
                    [name] => Azul Cargo Express
                    [picture] => https://www.melhorenvio.com.br/images/shipping-companies/azulcargo.png
                )

        )

    [6] => Array
        (
            [id] => 16
            [name] => e-commerce
            [price] => 85.83
            [custom_price] => 85.83
            [discount] => 0.00
            [currency] => R$
            [delivery_time] => 5
            [delivery_range] => Array
                (
                    [min] => 4
                    [max] => 5
                )

            [custom_delivery_time] => 5
            [custom_delivery_range] => Array
                (
                    [min] => 4
                    [max] => 5
                )

            [packages] => Array
                (
                    [0] => Array
                        (
                            [format] => box
                            [weight] => 3.50
                            [insurance_value] => 0.00
                            [dimensions] => Array
                                (
                                    [height] => 15
                                    [width] => 15
                                    [length] => 16
                                )

                        )

                )

            [additional_services] => Array
                (
                    [receipt] => 
                    [own_hand] => 
                    [collect] => 
                )

            [additional] => Array
                (
                    [unit] => Array
                        (
                            [price] => 0
                            [delivery] => 0
                        )

                )

            [company] => Array
                (
                    [id] => 9
                    [name] => Azul Cargo Express
                    [picture] => https://www.melhorenvio.com.br/images/shipping-companies/azulcargo.png
                )

        )

    [7] => Array
        (
            [id] => 17
            [name] => Mini Envios
            [company] => Array
                (
                    [id] => 1
                    [name] => Correios
                    [picture] => https://www.melhorenvio.com.br/images/shipping-companies/correios.png
                )

            [error] => Transportadora não atende este trecho.
        )

    [8] => Array
        (
            [id] => 22
            [name] => Rodoviário
            [company] => Array
                (
                    [id] => 12
                    [name] => Buslog
                    [picture] => https://www.melhorenvio.com.br/images/shipping-companies/buslog.png
                )

            [error] => Transportadora não atende este trecho.
        )

    [9] => Array
        (
            [id] => 27
            [name] => .Package Centralizado
            [price] => 21.40
            [custom_price] => 21.40
            [discount] => 0.00
            [currency] => R$
            [delivery_time] => 7
            [delivery_range] => Array
                (
                    [min] => 6
                    [max] => 7
                )

            [custom_delivery_time] => 7
            [custom_delivery_range] => Array
                (
                    [min] => 6
                    [max] => 7
                )

            [packages] => Array
                (
                    [0] => Array
                        (
                            [format] => box
                            [weight] => 3.50
                            [insurance_value] => 0.00
                            [dimensions] => Array
                                (
                                    [height] => 2
                                    [width] => 11
                                    [length] => 16
                                )

                        )

                )

            [additional_services] => Array
                (
                    [receipt] => 
                    [own_hand] => 
                    [collect] => 
                )

            [additional] => Array
                (
                    [unit] => Array
                        (
                            [price] => 0
                            [delivery] => 0
                        )

                )

            [company] => Array
                (
                    [id] => 2
                    [name] => Jadlog
                    [picture] => https://www.melhorenvio.com.br/images/shipping-companies/jadlog.png
                )

        )

    [10] => Array
        (
            [id] => 31
            [name] => Express
            [company] => Array
                (
                    [id] => 14
                    [name] => Loggi
                    [picture] => https://www.melhorenvio.com.br/images/shipping-companies/loggi.png
                )

            [error] => Transportadora não atende este trecho.
        )

    [11] => Array
        (
            [id] => 32
            [name] => Coleta
            [company] => Array
                (
                    [id] => 14
                    [name] => Loggi
                    [picture] => https://www.melhorenvio.com.br/images/shipping-companies/loggi.png
                )

            [error] => Transportadora não atende este trecho.
        )

    [12] => Array
        (
            [id] => 33
            [name] => Standard
            [company] => Array
                (
                    [id] => 15
                    [name] => JeT
                    [picture] => https://www.melhorenvio.com.br/images/shipping-companies/jet.png
                )

            [error] => Transportadora não atende este trecho.
        )

    [13] => Array
        (
            [id] => 34
            [name] => Loggi Ponto
            [company] => Array
                (
                    [id] => 14
                    [name] => Loggi
                    [picture] => https://www.melhorenvio.com.br/images/shipping-companies/loggi.png
                )

            [error] => Transportadora não atende este trecho.
        )

)

[24-Jul-2025 22:54:57 UTC] PHP Warning:  Undefined variable $response in /home/u344231864/domains/clickjumbo.com.br/public_html/wp/wp-content/plugins/clickjumbo-core/includes/validations/validate-shipping.php on line 96
[24-Jul-2025 22:55:33 UTC] Log de teste Axis - 2025-07-24 22:55:33
[24-Jul-2025 22:55:34 UTC] [CJ_DEBUG] Resposta bruta da Melhor Envio: Array
(
    [0] => Array
        (
            [id] => 1
            [name] => PAC
            [company] => Array
                (
                    [id] => 1
                    [name] => Correios
                    [picture] => https://www.melhorenvio.com.br/images/shipping-companies/correios.png
                )

            [error] => Transportadora não atende este trecho.
        )

    [1] => Array
        (
            [id] => 2
            [name] => SEDEX
            [price] => 22.29
            [custom_price] => 22.29
            [discount] => 0.00
            [currency] => R$
            [delivery_time] => 2
            [delivery_range] => Array
                (
                    [min] => 1
                    [max] => 2
                )

            [custom_delivery_time] => 2
            [custom_delivery_range] => Array
                (
                    [min] => 1
                    [max] => 2
                )

            [packages] => Array
                (
                    [0] => Array
                        (
                            [price] => 22.29
                            [discount] => 0.00
                            [format] => box
                            [weight] => 3.50
                            [insurance_value] => 0.00
                            [dimensions] => Array
                                (
                                    [height] => 2
                                    [width] => 11
                                    [length] => 16
                                )

                        )

                )

            [additional_services] => Array
                (
                    [receipt] => 
                    [own_hand] => 
                    [collect] => 
                )

            [additional] => Array
                (
                    [unit] => Array
                        (
                            [price] => 0
                            [delivery] => 0
                        )

                )

            [company] => Array
                (
                    [id] => 1
                    [name] => Correios
                    [picture] => https://www.melhorenvio.com.br/images/shipping-companies/correios.png
                )

        )

    [2] => Array
        (
            [id] => 3
            [name] => .Package
            [price] => 19.44
            [custom_price] => 19.44
            [discount] => 0.00
            [currency] => R$
            [delivery_time] => 7
            [delivery_range] => Array
                (
                    [min] => 6
                    [max] => 7
                )

            [custom_delivery_time] => 7
            [custom_delivery_range] => Array
                (
                    [min] => 6
                    [max] => 7
                )

            [packages] => Array
                (
                    [0] => Array
                        (
                            [format] => box
                            [weight] => 3.50
                            [insurance_value] => 0.00
                            [dimensions] => Array
                                (
                                    [height] => 2
                                    [width] => 11
                                    [length] => 16
                                )

                        )

                )

            [additional_services] => Array
                (
                    [receipt] => 
                    [own_hand] => 
                    [collect] => 
                )

            [additional] => Array
                (
                    [unit] => Array
                        (
                            [price] => 0
                            [delivery] => 0
                        )

                )

            [company] => Array
                (
                    [id] => 2
                    [name] => Jadlog
                    [picture] => https://www.melhorenvio.com.br/images/shipping-companies/jadlog.png
                )

        )

    [3] => Array
        (
            [id] => 4
            [name] => .Com
            [price] => 19.78
            [custom_price] => 19.78
            [discount] => 0.00
            [currency] => R$
            [delivery_time] => 6
            [delivery_range] => Array
                (
                    [min] => 5
                    [max] => 6
                )

            [custom_delivery_time] => 6
            [custom_delivery_range] => Array
                (
                    [min] => 5
                    [max] => 6
                )

            [packages] => Array
                (
                    [0] => Array
                        (
                            [format] => box
                            [weight] => 3.50
                            [insurance_value] => 0.00
                            [dimensions] => Array
                                (
                                    [height] => 2
                                    [width] => 11
                                    [length] => 16
                                )

                        )

                )

            [additional_services] => Array
                (
                    [receipt] => 
                    [own_hand] => 
                    [collect] => 
                )

            [additional] => Array
                (
                    [unit] => Array
                        (
                            [price] => 0
                            [delivery] => 0
                        )

                )

            [company] => Array
                (
                    [id] => 2
                    [name] => Jadlog
                    [picture] => https://www.melhorenvio.com.br/images/shipping-companies/jadlog.png
                )

        )

    [4] => Array
        (
            [id] => 12
            [name] => éFácil
            [company] => Array
                (
                    [id] => 6
                    [name] => LATAM Cargo
                    [picture] => https://www.melhorenvio.com.br/images/shipping-companies/latamcargo.png
                )

            [error] => Transportadora não atende este trecho.
        )

    [5] => Array
        (
            [id] => 15
            [name] => Expresso
            [price] => 91.62
            [custom_price] => 91.62
            [discount] => 0.00
            [currency] => R$
            [delivery_time] => 4
            [delivery_range] => Array
                (
                    [min] => 3
                    [max] => 4
                )

            [custom_delivery_time] => 4
            [custom_delivery_range] => Array
                (
                    [min] => 3
                    [max] => 4
                )

            [packages] => Array
                (
                    [0] => Array
                        (
                            [format] => box
                            [weight] => 3.50
                            [insurance_value] => 0.00
                            [dimensions] => Array
                                (
                                    [height] => 15
                                    [width] => 15
                                    [length] => 16
                                )

                        )

                )

            [additional_services] => Array
                (
                    [receipt] => 
                    [own_hand] => 
                    [collect] => 
                )

            [additional] => Array
                (
                    [unit] => Array
                        (
                            [price] => 0
                            [delivery] => 0
                        )

                )

            [company] => Array
                (
                    [id] => 9
                    [name] => Azul Cargo Express
                    [picture] => https://www.melhorenvio.com.br/images/shipping-companies/azulcargo.png
                )

        )

    [6] => Array
        (
            [id] => 16
            [name] => e-commerce
            [price] => 85.83
            [custom_price] => 85.83
            [discount] => 0.00
            [currency] => R$
            [delivery_time] => 5
            [delivery_range] => Array
                (
                    [min] => 4
                    [max] => 5
                )

            [custom_delivery_time] => 5
            [custom_delivery_range] => Array
                (
                    [min] => 4
                    [max] => 5
                )

            [packages] => Array
                (
                    [0] => Array
                        (
                            [format] => box
                            [weight] => 3.50
                            [insurance_value] => 0.00
                            [dimensions] => Array
                                (
                                    [height] => 15
                                    [width] => 15
                                    [length] => 16
                                )

                        )

                )

            [additional_services] => Array
                (
                    [receipt] => 
                    [own_hand] => 
                    [collect] => 
                )

            [additional] => Array
                (
                    [unit] => Array
                        (
                            [price] => 0
                            [delivery] => 0
                        )

                )

            [company] => Array
                (
                    [id] => 9
                    [name] => Azul Cargo Express
                    [picture] => https://www.melhorenvio.com.br/images/shipping-companies/azulcargo.png
                )

        )

    [7] => Array
        (
            [id] => 17
            [name] => Mini Envios
            [company] => Array
                (
                    [id] => 1
                    [name] => Correios
                    [picture] => https://www.melhorenvio.com.br/images/shipping-companies/correios.png
                )

            [error] => Transportadora não atende este trecho.
        )

    [8] => Array
        (
            [id] => 22
            [name] => Rodoviário
            [company] => Array
                (
                    [id] => 12
                    [name] => Buslog
                    [picture] => https://www.melhorenvio.com.br/images/shipping-companies/buslog.png
                )

            [error] => Transportadora não atende este trecho.
        )

    [9] => Array
        (
            [id] => 27
            [name] => .Package Centralizado
            [price] => 21.40
            [custom_price] => 21.40
            [discount] => 0.00
            [currency] => R$
            [delivery_time] => 7
            [delivery_range] => Array
                (
                    [min] => 6
                    [max] => 7
                )

            [custom_delivery_time] => 7
            [custom_delivery_range] => Array
                (
                    [min] => 6
                    [max] => 7
                )

            [packages] => Array
                (
                    [0] => Array
                        (
                            [format] => box
                            [weight] => 3.50
                            [insurance_value] => 0.00
                            [dimensions] => Array
                                (
                                    [height] => 2
                                    [width] => 11
                                    [length] => 16
                                )

                        )

                )

            [additional_services] => Array
                (
                    [receipt] => 
                    [own_hand] => 
                    [collect] => 
                )

            [additional] => Array
                (
                    [unit] => Array
                        (
                            [price] => 0
                            [delivery] => 0
                        )

                )

            [company] => Array
                (
                    [id] => 2
                    [name] => Jadlog
                    [picture] => https://www.melhorenvio.com.br/images/shipping-companies/jadlog.png
                )

        )

    [10] => Array
        (
            [id] => 31
            [name] => Express
            [company] => Array
                (
                    [id] => 14
                    [name] => Loggi
                    [picture] => https://www.melhorenvio.com.br/images/shipping-companies/loggi.png
                )

            [error] => Transportadora não atende este trecho.
        )

    [11] => Array
        (
            [id] => 32
            [name] => Coleta
            [company] => Array
                (
                    [id] => 14
                    [name] => Loggi
                    [picture] => https://www.melhorenvio.com.br/images/shipping-companies/loggi.png
                )

            [error] => Transportadora não atende este trecho.
        )

    [12] => Array
        (
            [id] => 33
            [name] => Standard
            [company] => Array
                (
                    [id] => 15
                    [name] => JeT
                    [picture] => https://www.melhorenvio.com.br/images/shipping-companies/jet.png
                )

            [error] => Transportadora não atende este trecho.
        )

    [13] => Array
        (
            [id] => 34
            [name] => Loggi Ponto
            [company] => Array
                (
                    [id] => 14
                    [name] => Loggi
                    [picture] => https://www.melhorenvio.com.br/images/shipping-companies/loggi.png
                )

            [error] => Transportadora não atende este trecho.
        )

)

[24-Jul-2025 22:55:34 UTC] PHP Warning:  Undefined variable $response in /home/u344231864/domains/clickjumbo.com.br/public_html/wp/wp-content/plugins/clickjumbo-core/includes/validations/validate-shipping.php on line 96
[24-Jul-2025 22:55:52 UTC] Log de teste Axis - 2025-07-24 22:55:52
[24-Jul-2025 22:55:52 UTC] [CJ_DEBUG] Resposta bruta da Melhor Envio: Array
(
    [0] => Array
        (
            [id] => 1
            [name] => PAC
            [company] => Array
                (
                    [id] => 1
                    [name] => Correios
                    [picture] => https://www.melhorenvio.com.br/images/shipping-companies/correios.png
                )

            [error] => Transportadora não atende este trecho.
        )

    [1] => Array
        (
            [id] => 2
            [name] => SEDEX
            [price] => 22.29
            [custom_price] => 22.29
            [discount] => 0.00
            [currency] => R$
            [delivery_time] => 2
            [delivery_range] => Array
                (
                    [min] => 1
                    [max] => 2
                )

            [custom_delivery_time] => 2
            [custom_delivery_range] => Array
                (
                    [min] => 1
                    [max] => 2
                )

            [packages] => Array
                (
                    [0] => Array
                        (
                            [price] => 22.29
                            [discount] => 0.00
                            [format] => box
                            [weight] => 3.50
                            [insurance_value] => 0.00
                            [dimensions] => Array
                                (
                                    [height] => 2
                                    [width] => 11
                                    [length] => 16
                                )

                        )

                )

            [additional_services] => Array
                (
                    [receipt] => 
                    [own_hand] => 
                    [collect] => 
                )

            [additional] => Array
                (
                    [unit] => Array
                        (
                            [price] => 0
                            [delivery] => 0
                        )

                )

            [company] => Array
                (
                    [id] => 1
                    [name] => Correios
                    [picture] => https://www.melhorenvio.com.br/images/shipping-companies/correios.png
                )

        )

    [2] => Array
        (
            [id] => 3
            [name] => .Package
            [price] => 19.44
            [custom_price] => 19.44
            [discount] => 0.00
            [currency] => R$
            [delivery_time] => 7
            [delivery_range] => Array
                (
                    [min] => 6
                    [max] => 7
                )

            [custom_delivery_time] => 7
            [custom_delivery_range] => Array
                (
                    [min] => 6
                    [max] => 7
                )

            [packages] => Array
                (
                    [0] => Array
                        (
                            [format] => box
                            [weight] => 3.50
                            [insurance_value] => 0.00
                            [dimensions] => Array
                                (
                                    [height] => 2
                                    [width] => 11
                                    [length] => 16
                                )

                        )

                )

            [additional_services] => Array
                (
                    [receipt] => 
                    [own_hand] => 
                    [collect] => 
                )

            [additional] => Array
                (
                    [unit] => Array
                        (
                            [price] => 0
                            [delivery] => 0
                        )

                )

            [company] => Array
                (
                    [id] => 2
                    [name] => Jadlog
                    [picture] => https://www.melhorenvio.com.br/images/shipping-companies/jadlog.png
                )

        )

    [3] => Array
        (
            [id] => 4
            [name] => .Com
            [price] => 19.78
            [custom_price] => 19.78
            [discount] => 0.00
            [currency] => R$
            [delivery_time] => 6
            [delivery_range] => Array
                (
                    [min] => 5
                    [max] => 6
                )

            [custom_delivery_time] => 6
            [custom_delivery_range] => Array
                (
                    [min] => 5
                    [max] => 6
                )

            [packages] => Array
                (
                    [0] => Array
                        (
                            [format] => box
                            [weight] => 3.50
                            [insurance_value] => 0.00
                            [dimensions] => Array
                                (
                                    [height] => 2
                                    [width] => 11
                                    [length] => 16
                                )

                        )

                )

            [additional_services] => Array
                (
                    [receipt] => 
                    [own_hand] => 
                    [collect] => 
                )

            [additional] => Array
                (
                    [unit] => Array
                        (
                            [price] => 0
                            [delivery] => 0
                        )

                )

            [company] => Array
                (
                    [id] => 2
                    [name] => Jadlog
                    [picture] => https://www.melhorenvio.com.br/images/shipping-companies/jadlog.png
                )

        )

    [4] => Array
        (
            [id] => 12
            [name] => éFácil
            [company] => Array
                (
                    [id] => 6
                    [name] => LATAM Cargo
                    [picture] => https://www.melhorenvio.com.br/images/shipping-companies/latamcargo.png
                )

            [error] => Transportadora não atende este trecho.
        )

    [5] => Array
        (
            [id] => 15
            [name] => Expresso
            [price] => 91.62
            [custom_price] => 91.62
            [discount] => 0.00
            [currency] => R$
            [delivery_time] => 4
            [delivery_range] => Array
                (
                    [min] => 3
                    [max] => 4
                )

            [custom_delivery_time] => 4
            [custom_delivery_range] => Array
                (
                    [min] => 3
                    [max] => 4
                )

            [packages] => Array
                (
                    [0] => Array
                        (
                            [format] => box
                            [weight] => 3.50
                            [insurance_value] => 0.00
                            [dimensions] => Array
                                (
                                    [height] => 15
                                    [width] => 15
                                    [length] => 16
                                )

                        )

                )

            [additional_services] => Array
                (
                    [receipt] => 
                    [own_hand] => 
                    [collect] => 
                )

            [additional] => Array
                (
                    [unit] => Array
                        (
                            [price] => 0
                            [delivery] => 0
                        )

                )

            [company] => Array
                (
                    [id] => 9
                    [name] => Azul Cargo Express
                    [picture] => https://www.melhorenvio.com.br/images/shipping-companies/azulcargo.png
                )

        )

    [6] => Array
        (
            [id] => 16
            [name] => e-commerce
            [price] => 85.83
            [custom_price] => 85.83
            [discount] => 0.00
            [currency] => R$
            [delivery_time] => 5
            [delivery_range] => Array
                (
                    [min] => 4
                    [max] => 5
                )

            [custom_delivery_time] => 5
            [custom_delivery_range] => Array
                (
                    [min] => 4
                    [max] => 5
                )

            [packages] => Array
                (
                    [0] => Array
                        (
                            [format] => box
                            [weight] => 3.50
                            [insurance_value] => 0.00
                            [dimensions] => Array
                                (
                                    [height] => 15
                                    [width] => 15
                                    [length] => 16
                                )

                        )

                )

            [additional_services] => Array
                (
                    [receipt] => 
                    [own_hand] => 
                    [collect] => 
                )

            [additional] => Array
                (
                    [unit] => Array
                        (
                            [price] => 0
                            [delivery] => 0
                        )

                )

            [company] => Array
                (
                    [id] => 9
                    [name] => Azul Cargo Express
                    [picture] => https://www.melhorenvio.com.br/images/shipping-companies/azulcargo.png
                )

        )

    [7] => Array
        (
            [id] => 17
            [name] => Mini Envios
            [company] => Array
                (
                    [id] => 1
                    [name] => Correios
                    [picture] => https://www.melhorenvio.com.br/images/shipping-companies/correios.png
                )

            [error] => Transportadora não atende este trecho.
        )

    [8] => Array
        (
            [id] => 22
            [name] => Rodoviário
            [company] => Array
                (
                    [id] => 12
                    [name] => Buslog
                    [picture] => https://www.melhorenvio.com.br/images/shipping-companies/buslog.png
                )

            [error] => Transportadora não atende este trecho.
        )

    [9] => Array
        (
            [id] => 27
            [name] => .Package Centralizado
            [price] => 21.40
            [custom_price] => 21.40
            [discount] => 0.00
            [currency] => R$
            [delivery_time] => 7
            [delivery_range] => Array
                (
                    [min] => 6
                    [max] => 7
                )

            [custom_delivery_time] => 7
            [custom_delivery_range] => Array
                (
                    [min] => 6
                    [max] => 7
                )

            [packages] => Array
                (
                    [0] => Array
                        (
                            [format] => box
                            [weight] => 3.50
                            [insurance_value] => 0.00
                            [dimensions] => Array
                                (
                                    [height] => 2
                                    [width] => 11
                                    [length] => 16
                                )

                        )

                )

            [additional_services] => Array
                (
                    [receipt] => 
                    [own_hand] => 
                    [collect] => 
                )

            [additional] => Array
                (
                    [unit] => Array
                        (
                            [price] => 0
                            [delivery] => 0
                        )

                )

            [company] => Array
                (
                    [id] => 2
                    [name] => Jadlog
                    [picture] => https://www.melhorenvio.com.br/images/shipping-companies/jadlog.png
                )

        )

    [10] => Array
        (
            [id] => 31
            [name] => Express
            [company] => Array
                (
                    [id] => 14
                    [name] => Loggi
                    [picture] => https://www.melhorenvio.com.br/images/shipping-companies/loggi.png
                )

            [error] => Transportadora não atende este trecho.
        )

    [11] => Array
        (
            [id] => 32
            [name] => Coleta
            [company] => Array
                (
                    [id] => 14
                    [name] => Loggi
                    [picture] => https://www.melhorenvio.com.br/images/shipping-companies/loggi.png
                )

            [error] => Transportadora não atende este trecho.
        )

    [12] => Array
        (
            [id] => 33
            [name] => Standard
            [company] => Array
                (
                    [id] => 15
                    [name] => JeT
                    [picture] => https://www.melhorenvio.com.br/images/shipping-companies/jet.png
                )

            [error] => Transportadora não atende este trecho.
        )

    [13] => Array
        (
            [id] => 34
            [name] => Loggi Ponto
            [company] => Array
                (
                    [id] => 14
                    [name] => Loggi
                    [picture] => https://www.melhorenvio.com.br/images/shipping-companies/loggi.png
                )

            [error] => Transportadora não atende este trecho.
        )

)

[24-Jul-2025 22:55:52 UTC] PHP Warning:  Undefined variable $response in /home/u344231864/domains/clickjumbo.com.br/public_html/wp/wp-content/plugins/clickjumbo-core/includes/validations/validate-shipping.php on line 96
[24-Jul-2025 22:56:19 UTC] Log de teste Axis - 2025-07-24 22:56:19
[25-Jul-2025 12:54:31 UTC] Automatic updates starting...
[25-Jul-2025 12:54:31 UTC]   Automatic plugin updates starting...
[25-Jul-2025 12:54:31 UTC]   Automatic plugin updates complete.
[25-Jul-2025 12:54:31 UTC] Automatic updates complete.
[25-Jul-2025 13:21:57 UTC] PHP Deprecated:  strpos(): Passing null to parameter #1 ($haystack) of type string is deprecated in /home/u344231864/domains/clickjumbo.com.br/public_html/wp/wp-includes/functions.php on line 7360
[25-Jul-2025 13:21:57 UTC] PHP Deprecated:  str_replace(): Passing null to parameter #3 ($subject) of type array|string is deprecated in /home/u344231864/domains/clickjumbo.com.br/public_html/wp/wp-includes/functions.php on line 2195
[25-Jul-2025 13:21:57 UTC] PHP Deprecated:  strpos(): Passing null to parameter #1 ($haystack) of type string is deprecated in /home/u344231864/domains/clickjumbo.com.br/public_html/wp/wp-includes/functions.php on line 7360
[25-Jul-2025 13:21:57 UTC] PHP Deprecated:  str_replace(): Passing null to parameter #3 ($subject) of type array|string is deprecated in /home/u344231864/domains/clickjumbo.com.br/public_html/wp/wp-includes/functions.php on line 2195
[25-Jul-2025 13:21:57 UTC] PHP Deprecated:  strpos(): Passing null to parameter #1 ($haystack) of type string is deprecated in /home/u344231864/domains/clickjumbo.com.br/public_html/wp/wp-includes/functions.php on line 7360
[25-Jul-2025 13:21:57 UTC] PHP Deprecated:  str_replace(): Passing null to parameter #3 ($subject) of type array|string is deprecated in /home/u344231864/domains/clickjumbo.com.br/public_html/wp/wp-includes/functions.php on line 2195
[25-Jul-2025 13:21:57 UTC] PHP Deprecated:  strpos(): Passing null to parameter #1 ($haystack) of type string is deprecated in /home/u344231864/domains/clickjumbo.com.br/public_html/wp/wp-includes/functions.php on line 7360
[25-Jul-2025 13:21:57 UTC] PHP Deprecated:  str_replace(): Passing null to parameter #3 ($subject) of type array|string is deprecated in /home/u344231864/domains/clickjumbo.com.br/public_html/wp/wp-includes/functions.php on line 2195
[25-Jul-2025 13:21:59 UTC] PHP Deprecated:  strpos(): Passing null to parameter #1 ($haystack) of type string is deprecated in /home/u344231864/domains/clickjumbo.com.br/public_html/wp/wp-includes/functions.php on line 7360
[25-Jul-2025 13:21:59 UTC] PHP Deprecated:  str_replace(): Passing null to parameter #3 ($subject) of type array|string is deprecated in /home/u344231864/domains/clickjumbo.com.br/public_html/wp/wp-includes/functions.php on line 2195
[25-Jul-2025 13:21:59 UTC] PHP Deprecated:  strpos(): Passing null to parameter #1 ($haystack) of type string is deprecated in /home/u344231864/domains/clickjumbo.com.br/public_html/wp/wp-includes/functions.php on line 7360
[25-Jul-2025 13:21:59 UTC] PHP Deprecated:  str_replace(): Passing null to parameter #3 ($subject) of type array|string is deprecated in /home/u344231864/domains/clickjumbo.com.br/public_html/wp/wp-includes/functions.php on line 2195
[25-Jul-2025 13:21:59 UTC] PHP Deprecated:  strpos(): Passing null to parameter #1 ($haystack) of type string is deprecated in /home/u344231864/domains/clickjumbo.com.br/public_html/wp/wp-includes/functions.php on line 7360
[25-Jul-2025 13:21:59 UTC] PHP Deprecated:  str_replace(): Passing null to parameter #3 ($subject) of type array|string is deprecated in /home/u344231864/domains/clickjumbo.com.br/public_html/wp/wp-includes/functions.php on line 2195
[25-Jul-2025 13:21:59 UTC] PHP Deprecated:  strpos(): Passing null to parameter #1 ($haystack) of type string is deprecated in /home/u344231864/domains/clickjumbo.com.br/public_html/wp/wp-includes/functions.php on line 7360
[25-Jul-2025 13:21:59 UTC] PHP Deprecated:  str_replace(): Passing null to parameter #3 ($subject) of type array|string is deprecated in /home/u344231864/domains/clickjumbo.com.br/public_html/wp/wp-includes/functions.php on line 2195
[25-Jul-2025 16:51:03 UTC] Automatic updates starting...
[25-Jul-2025 16:51:04 UTC]   Automatic plugin updates starting...
[25-Jul-2025 16:51:04 UTC]   Automatic plugin updates complete.
[25-Jul-2025 16:51:04 UTC] Automatic updates complete.
[26-Jul-2025 06:24:32 UTC] Automatic updates starting...
[26-Jul-2025 06:24:33 UTC]   Automatic plugin updates starting...
[26-Jul-2025 06:24:33 UTC]   Automatic plugin updates complete.
[26-Jul-2025 06:24:33 UTC] Automatic updates complete.
[26-Jul-2025 16:30:45 UTC] Automatic updates starting...
[26-Jul-2025 16:30:46 UTC]   Automatic plugin updates starting...
[26-Jul-2025 16:30:46 UTC]   Automatic plugin updates complete.
[26-Jul-2025 16:30:46 UTC] Automatic updates complete.
[26-Jul-2025 21:03:38 UTC] Log de teste Axis - 2025-07-26 21:03:38
[26-Jul-2025 21:03:38 UTC] [CJ_DEBUG] Resposta bruta da Melhor Envio: Array
(
    [0] => Array
        (
            [id] => 1
            [name] => PAC
            [company] => Array
                (
                    [id] => 1
                    [name] => Correios
                    [picture] => https://www.melhorenvio.com.br/images/shipping-companies/correios.png
                )

            [error] => Transportadora não atende este trecho.
        )

    [1] => Array
        (
            [id] => 2
            [name] => SEDEX
            [price] => 22.29
            [custom_price] => 22.29
            [discount] => 0.00
            [currency] => R$
            [delivery_time] => 2
            [delivery_range] => Array
                (
                    [min] => 1
                    [max] => 2
                )

            [custom_delivery_time] => 2
            [custom_delivery_range] => Array
                (
                    [min] => 1
                    [max] => 2
                )

            [packages] => Array
                (
                    [0] => Array
                        (
                            [price] => 22.29
                            [discount] => 0.00
                            [format] => box
                            [weight] => 3.50
                            [insurance_value] => 0.00
                            [dimensions] => Array
                                (
                                    [height] => 2
                                    [width] => 11
                                    [length] => 16
                                )

                        )

                )

            [additional_services] => Array
                (
                    [receipt] => 
                    [own_hand] => 
                    [collect] => 
                )

            [additional] => Array
                (
                    [unit] => Array
                        (
                            [price] => 0
                            [delivery] => 0
                        )

                )

            [company] => Array
                (
                    [id] => 1
                    [name] => Correios
                    [picture] => https://www.melhorenvio.com.br/images/shipping-companies/correios.png
                )

        )

    [2] => Array
        (
            [id] => 3
            [name] => .Package
            [price] => 19.44
            [custom_price] => 19.44
            [discount] => 0.00
            [currency] => R$
            [delivery_time] => 7
            [delivery_range] => Array
                (
                    [min] => 6
                    [max] => 7
                )

            [custom_delivery_time] => 7
            [custom_delivery_range] => Array
                (
                    [min] => 6
                    [max] => 7
                )

            [packages] => Array
                (
                    [0] => Array
                        (
                            [format] => box
                            [weight] => 3.50
                            [insurance_value] => 0.00
                            [dimensions] => Array
                                (
                                    [height] => 2
                                    [width] => 11
                                    [length] => 16
                                )

                        )

                )

            [additional_services] => Array
                (
                    [receipt] => 
                    [own_hand] => 
                    [collect] => 
                )

            [additional] => Array
                (
                    [unit] => Array
                        (
                            [price] => 0
                            [delivery] => 0
                        )

                )

            [company] => Array
                (
                    [id] => 2
                    [name] => Jadlog
                    [picture] => https://www.melhorenvio.com.br/images/shipping-companies/jadlog.png
                )

        )

    [3] => Array
        (
            [id] => 4
            [name] => .Com
            [price] => 19.78
            [custom_price] => 19.78
            [discount] => 0.00
            [currency] => R$
            [delivery_time] => 6
            [delivery_range] => Array
                (
                    [min] => 5
                    [max] => 6
                )

            [custom_delivery_time] => 6
            [custom_delivery_range] => Array
                (
                    [min] => 5
                    [max] => 6
                )

            [packages] => Array
                (
                    [0] => Array
                        (
                            [format] => box
                            [weight] => 3.50
                            [insurance_value] => 0.00
                            [dimensions] => Array
                                (
                                    [height] => 2
                                    [width] => 11
                                    [length] => 16
                                )

                        )

                )

            [additional_services] => Array
                (
                    [receipt] => 
                    [own_hand] => 
                    [collect] => 
                )

            [additional] => Array
                (
                    [unit] => Array
                        (
                            [price] => 0
                            [delivery] => 0
                        )

                )

            [company] => Array
                (
                    [id] => 2
                    [name] => Jadlog
                    [picture] => https://www.melhorenvio.com.br/images/shipping-companies/jadlog.png
                )

        )

    [4] => Array
        (
            [id] => 12
            [name] => éFácil
            [company] => Array
                (
                    [id] => 6
                    [name] => LATAM Cargo
                    [picture] => https://www.melhorenvio.com.br/images/shipping-companies/latamcargo.png
                )

            [error] => Transportadora não atende este trecho.
        )

    [5] => Array
        (
            [id] => 15
            [name] => Expresso
            [price] => 91.62
            [custom_price] => 91.62
            [discount] => 0.00
            [currency] => R$
            [delivery_time] => 4
            [delivery_range] => Array
                (
                    [min] => 3
                    [max] => 4
                )

            [custom_delivery_time] => 4
            [custom_delivery_range] => Array
                (
                    [min] => 3
                    [max] => 4
                )

            [packages] => Array
                (
                    [0] => Array
                        (
                            [format] => box
                            [weight] => 3.50
                            [insurance_value] => 0.00
                            [dimensions] => Array
                                (
                                    [height] => 15
                                    [width] => 15
                                    [length] => 16
                                )

                        )

                )

            [additional_services] => Array
                (
                    [receipt] => 
                    [own_hand] => 
                    [collect] => 
                )

            [additional] => Array
                (
                    [unit] => Array
                        (
                            [price] => 0
                            [delivery] => 0
                        )

                )

            [company] => Array
                (
                    [id] => 9
                    [name] => Azul Cargo Express
                    [picture] => https://www.melhorenvio.com.br/images/shipping-companies/azulcargo.png
                )

        )

    [6] => Array
        (
            [id] => 16
            [name] => e-commerce
            [price] => 85.83
            [custom_price] => 85.83
            [discount] => 0.00
            [currency] => R$
            [delivery_time] => 5
            [delivery_range] => Array
                (
                    [min] => 4
                    [max] => 5
                )

            [custom_delivery_time] => 5
            [custom_delivery_range] => Array
                (
                    [min] => 4
                    [max] => 5
                )

            [packages] => Array
                (
                    [0] => Array
                        (
                            [format] => box
                            [weight] => 3.50
                            [insurance_value] => 0.00
                            [dimensions] => Array
                                (
                                    [height] => 15
                                    [width] => 15
                                    [length] => 16
                                )

                        )

                )

            [additional_services] => Array
                (
                    [receipt] => 
                    [own_hand] => 
                    [collect] => 
                )

            [additional] => Array
                (
                    [unit] => Array
                        (
                            [price] => 0
                            [delivery] => 0
                        )

                )

            [company] => Array
                (
                    [id] => 9
                    [name] => Azul Cargo Express
                    [picture] => https://www.melhorenvio.com.br/images/shipping-companies/azulcargo.png
                )

        )

    [7] => Array
        (
            [id] => 17
            [name] => Mini Envios
            [company] => Array
                (
                    [id] => 1
                    [name] => Correios
                    [picture] => https://www.melhorenvio.com.br/images/shipping-companies/correios.png
                )

            [error] => Transportadora não atende este trecho.
        )

    [8] => Array
        (
            [id] => 22
            [name] => Rodoviário
            [company] => Array
                (
                    [id] => 12
                    [name] => Buslog
                    [picture] => https://www.melhorenvio.com.br/images/shipping-companies/buslog.png
                )

            [error] => Transportadora não atende este trecho.
        )

    [9] => Array
        (
            [id] => 27
            [name] => .Package Centralizado
            [price] => 21.40
            [custom_price] => 21.40
            [discount] => 0.00
            [currency] => R$
            [delivery_time] => 7
            [delivery_range] => Array
                (
                    [min] => 6
                    [max] => 7
                )

            [custom_delivery_time] => 7
            [custom_delivery_range] => Array
                (
                    [min] => 6
                    [max] => 7
                )

            [packages] => Array
                (
                    [0] => Array
                        (
                            [format] => box
                            [weight] => 3.50
                            [insurance_value] => 0.00
                            [dimensions] => Array
                                (
                                    [height] => 2
                                    [width] => 11
                                    [length] => 16
                                )

                        )

                )

            [additional_services] => Array
                (
                    [receipt] => 
                    [own_hand] => 
                    [collect] => 
                )

            [additional] => Array
                (
                    [unit] => Array
                        (
                            [price] => 0
                            [delivery] => 0
                        )

                )

            [company] => Array
                (
                    [id] => 2
                    [name] => Jadlog
                    [picture] => https://www.melhorenvio.com.br/images/shipping-companies/jadlog.png
                )

        )

    [10] => Array
        (
            [id] => 31
            [name] => Express
            [company] => Array
                (
                    [id] => 14
                    [name] => Loggi
                    [picture] => https://www.melhorenvio.com.br/images/shipping-companies/loggi.png
                )

            [error] => Transportadora não atende este trecho.
        )

    [11] => Array
        (
            [id] => 32
            [name] => Coleta
            [company] => Array
                (
                    [id] => 14
                    [name] => Loggi
                    [picture] => https://www.melhorenvio.com.br/images/shipping-companies/loggi.png
                )

            [error] => Transportadora não atende este trecho.
        )

    [12] => Array
        (
            [id] => 33
            [name] => Standard
            [company] => Array
                (
                    [id] => 15
                    [name] => JeT
                    [picture] => https://www.melhorenvio.com.br/images/shipping-companies/jet.png
                )

            [error] => Transportadora não atende este trecho.
        )

    [13] => Array
        (
            [id] => 34
            [name] => Loggi Ponto
            [company] => Array
                (
                    [id] => 14
                    [name] => Loggi
                    [picture] => https://www.melhorenvio.com.br/images/shipping-companies/loggi.png
                )

            [error] => Transportadora não atende este trecho.
        )

)

[26-Jul-2025 21:03:38 UTC] PHP Warning:  Undefined variable $response in /home/u344231864/domains/clickjumbo.com.br/public_html/wp/wp-content/plugins/clickjumbo-core/includes/validations/validate-shipping.php on line 96
